feature,missing_count,missing_percentage,nan_count,positive_inf_count,negative_inf_count,zero_count,unique_count,min,max,mean,std,median,iqr
packet_count,0,0.0,0,0,0,0,786,1.0,26174.0,297.7854260089686,1018.633902810672,20.0,212.0
byte_count,0,0.0,0,0,0,0,2028,60.0,21187395.0,120063.31614349775,787124.0355656388,1999.0,14882.0
packets_per_second,0,0.0,0,0,0,0,786,0.0166666666666666,436.23333333333335,4.96309043348281,16.977231713511202,0.3333333333333333,3.5333333333333337
bytes_per_second,0,0.0,0,0,0,0,2028,1.0,353123.25,2001.055269058296,13118.73392609398,33.31666666666667,248.03333333333333
unique_src_ips,0,0.0,0,0,0,0,121,1.0,477.0,7.392152466367713,24.270801245083383,2.0,2.0
unique_dst_ips,0,0.0,0,0,0,0,157,1.0,498.0,17.56591928251121,31.308481926336196,3.0,32.0
unique_src_ports,0,0.0,0,0,0,2,129,0.0,498.0,18.84372197309417,27.047531833690776,4.0,33.0
unique_dst_ports,0,0.0,0,0,0,2,114,0.0,475.0,8.14237668161435,21.031510180075646,3.0,5.0
tcp_count,0,0.0,0,0,0,267,663,0.0,17437.0,208.00896860986546,581.2678148895145,18.0,192.0
udp_count,0,0.0,0,0,0,3063,239,0.0,24818.0,88.14461883408072,774.8048092419804,0.0,2.0
icmp_count,0,0.0,0,0,0,3607,45,0.0,119.0,1.6226457399103138,4.960076375847744,0.0,0.0
other_protocol_count,0,0.0,0,0,0,4450,4,0.0,8.0,0.009192825112107623,0.20784301859600493,0.0,0.0
packet_size_mean,0,0.0,0,0,0,0,2045,60.0,1409.0,144.84134037138134,149.6519491384059,86.57025036818851,58.0883373975479
packet_size_std,0,0.0,0,0,0,260,2083,0.0,1612.7303468005907,125.3253449611721,202.50225688150275,37.09506560468266,88.51918543914893
packet_size_min,0,0.0,0,0,0,0,14,60.0,1409.0,68.46457399103139,47.83874714439177,60.0,0.0
packet_size_max,0,0.0,0,0,0,0,161,60.0,19034.0,705.6399103139014,1301.2135557169363,243.0,378.0
packet_size_median,0,0.0,0,0,0,0,68,60.0,1409.0,93.87085201793722,121.59758356171052,62.0,17.0
packet_size_p25,0,0.0,0,0,0,0,48,60.0,1409.0,80.74220852017937,90.66270479631439,62.0,14.25
packet_size_p75,0,0.0,0,0,0,0,201,60.0,1514.0,167.81272421524665,241.437299843335,79.0,54.75
iat_mean,0,0.0,0,0,0,5,4048,0.0,16.71622586250305,0.39946073662858705,1.0909327674738134,0.09355672604472126,0.27090747204470084
iat_std,0,0.0,0,0,0,182,4272,0.0,21.311240688138845,0.9809187325727906,2.3547678818762003,0.17528041320066423,0.5074098726376381
iat_min,0,0.0,0,0,0,271,36,0.0,16.71622586250305,0.0038269646499189025,0.2503520672199417,5.960464477539063e-06,8.106231689453123e-06
iat_max,0,0.0,0,0,0,5,3979,0.0,58.010231018066406,4.395881267941052,8.516334643936322,0.938489556312561,3.187637567520142
iat_median,0,0.0,0,0,0,5,1755,0.0,16.71622586250305,0.009622676115934054,0.2562464539348025,0.00023370981216425,0.00024604797363272343
syn_count,0,0.0,0,0,0,1403,281,0.0,1457.0,63.08026905829596,97.59747172229306,3.0,168.0
ack_count,0,0.0,0,0,0,422,492,0.0,17163.0,147.12107623318386,554.7870555196415,14.0,27.0
rst_count,0,0.0,0,0,0,2803,87,0.0,176.0,4.603811659192825,11.805090254199625,0.0,6.0
fin_count,0,0.0,0,0,0,2266,82,0.0,1396.0,5.024215246636771,42.157223916124714,0.0,3.0
psh_count,0,0.0,0,0,0,797,318,0.0,1647.0,54.87085201793722,136.98934501740763,3.0,3.0
urg_count,0,0.0,0,0,0,4460,1,0.0,0.0,0.0,0.0,0.0,0.0
forward_packet_count,0,0.0,0,0,0,0,786,1.0,26174.0,297.7854260089686,1018.633902810672,20.0,212.0
backward_packet_count,0,0.0,0,0,0,4460,1,0.0,0.0,0.0,0.0,0.0,0.0
forward_byte_count,0,0.0,0,0,0,0,2028,60.0,21187395.0,120063.31614349775,787124.0355656388,1999.0,14882.0
backward_byte_count,0,0.0,0,0,0,4460,1,0.0,0.0,0.0,0.0,0.0,0.0
unique_5tuple_count,0,0.0,0,0,0,0,235,1.0,973.0,27.78340807174888,58.26305230209149,5.0,36.0
flow_count,0,0.0,0,0,0,0,235,1.0,973.0,27.78340807174888,58.26305230209149,5.0,36.0
mean_flow_duration,0,0.0,0,0,0,6,4032,0.0,51.17668700218201,3.364250856610109,4.4950192371200615,0.47492226958274836,6.518822121033555
packets_per_flow_mean,0,0.0,0,0,0,0,1424,1.0,1322.0,9.05804523750483,24.129202781335273,4.0,3.333333333333333
bytes_per_flow_mean,0,0.0,0,0,0,0,2150,60.0,1283486.142857143,3079.626143619875,20712.628019661806,340.93604651162786,337.5
forward_backward_packet_ratio,4460,100.0,4460,0,0,0,0,,,,,,
forward_backward_byte_ratio,4460,100.0,4460,0,0,0,0,,,,,,
syn_ack_ratio,422,9.461883408071749,422,0,0,1136,1150,0.0,174.0,5.062311957066284,13.699428887156888,0.2142857142857142,0.7068372303443021
tcp_fraction,0,0.0,0,0,0,267,997,0.0,1.0,0.8869017688424369,0.2705421515466358,1.0,0.04557500803083836
udp_fraction,0,0.0,0,0,0,3063,692,0.0,1.0,0.09861495973688703,0.2567076596497406,0.0,0.01095716903830225
icmp_fraction,0,0.0,0,0,0,3607,621,0.0,1.0,0.014431192089341497,0.07171845612758186,0.0,0.0
unique_dst_ports_per_src_ip,0,0.0,0,0,0,2,369,0.0,25.5,1.5713947558364187,1.1497236722938986,1.3333333333333333,0.6666666666666667
unique_dst_ips_per_src_ip,0,0.0,0,0,0,0,440,0.0517241379310344,51.0,3.5850619102540584,5.636768710943953,1.0,2.368881118881119
unique_src_ips_per_dst_ip,0,0.0,0,0,0,0,440,0.0196078431372549,19.33333333333333,0.7164333376486353,0.467787995681432,1.0,0.7031633906633907
port_diversity,0,0.0,0,0,0,2,114,0.0,475.0,8.14237668161435,21.031510180075646,3.0,5.0
destination_diversity,0,0.0,0,0,0,0,157,1.0,498.0,17.56591928251121,31.308481926336196,3.0,32.0
