timestamp,window_end,ground_truth_label,ground_truth_attack_type,ground_truth_source
2011-08-10T09:04:00+00:00,2011-08-10T09:05:00+00:00,BOTNET,NERIS_BOTNET,CTU-13 official documentation: Botnet-42 PCAP is botnet capture only
2011-08-10T09:06:00+00:00,2011-08-10T09:07:00+00:00,BOTNET,NERIS_BOTNET,CTU-13 official documentation: Botnet-42 PCAP is botnet capture only
2011-08-10T09:07:00+00:00,2011-08-10T09:08:00+00:00,BOTNET,NERIS_BOTNET,CTU-13 official documentation: Botnet-42 PCAP is botnet capture only
2011-08-10T09:08:00+00:00,2011-08-10T09:09:00+00:00,BOTNET,NERIS_BOTNET,CTU-13 official documentation: Botnet-42 PCAP is botnet capture only
2011-08-10T09:09:00+00:00,2011-08-10T09:10:00+00:00,BOTNET,NERIS_BOTNET,CTU-13 official documentation: Botnet-42 PCAP is botnet capture only
2011-08-10T09:10:00+00:00,2011-08-10T09:11:00+00:00,BOTNET,NERIS_BOTNET,CTU-13 official documentation: Botnet-42 PCAP is botnet capture only
2011-08-10T09:11:00+00:00,2011-08-10T09:12:00+00:00,BOTNET,NERIS_BOTNET,CTU-13 official documentation: Botnet-42 PCAP is botnet capture only
2011-08-10T09:12:00+00:00,2011-08-10T09:13:00+00:00,BOTNET,NERIS_BOTNET,CTU-13 official documentation: Botnet-42 PCAP is botnet capture only
2011-08-10T09:13:00+00:00,2011-08-10T09:14:00+00:00,BOTNET,NERIS_BOTNET,CTU-13 official documentation: Botnet-42 PCAP is botnet capture only
2011-08-10T09:14:00+00:00,2011-08-10T09:15:00+00:00,BOTNET,NERIS_BOTNET,CTU-13 official documentation: Botnet-42 PCAP is botnet capture only
2011-08-10T09:15:00+00:00,2011-08-10T09:16:00+00:00,BOTNET,NERIS_BOTNET,CTU-13 official documentation: Botnet-42 PCAP is botnet capture only
2011-08-10T09:16:00+00:00,2011-08-10T09:17:00+00:00,BOTNET,NERIS_BOTNET,CTU-13 official documentation: Botnet-42 PCAP is botnet capture only
2011-08-10T09:17:00+00:00,2011-08-10T09:18:00+00:00,BOTNET,NERIS_BOTNET,CTU-13 official documentation: Botnet-42 PCAP is botnet capture only
2011-08-10T09:18:00+00:00,2011-08-10T09:19:00+00:00,BOTNET,NERIS_BOTNET,CTU-13 official documentation: Botnet-42 PCAP is botnet capture only
2011-08-10T09:19:00+00:00,2011-08-10T09:20:00+00:00,BOTNET,NERIS_BOTNET,CTU-13 official documentation: Botnet-42 PCAP is botnet capture only
2011-08-10T09:20:00+00:00,2011-08-10T09:21:00+00:00,BOTNET,NERIS_BOTNET,CTU-13 official documentation: Botnet-42 PCAP is botnet capture only
2011-08-10T09:21:00+00:00,2011-08-10T09:22:00+00:00,BOTNET,NERIS_BOTNET,CTU-13 official documentation: Botnet-42 PCAP is botnet capture only
2011-08-10T09:22:00+00:00,2011-08-10T09:23:00+00:00,BOTNET,NERIS_BOTNET,CTU-13 official documentation: Botnet-42 PCAP is botnet capture only
2011-08-10T09:23:00+00:00,2011-08-10T09:24:00+00:00,BOTNET,NERIS_BOTNET,CTU-13 official documentation: Botnet-42 PCAP is botnet capture only
2011-08-10T09:24:00+00:00,2011-08-10T09:25:00+00:00,BOTNET,NERIS_BOTNET,CTU-13 official documentation: Botnet-42 PCAP is botnet capture only
2011-08-10T09:25:00+00:00,2011-08-10T09:26:00+00:00,BOTNET,NERIS_BOTNET,CTU-13 official documentation: Botnet-42 PCAP is botnet capture only
2011-08-10T09:26:00+00:00,2011-08-10T09:27:00+00:00,BOTNET,NERIS_BOTNET,CTU-13 official documentation: Botnet-42 PCAP is botnet capture only
2011-08-10T09:27:00+00:00,2011-08-10T09:28:00+00:00,BOTNET,NERIS_BOTNET,CTU-13 official documentation: Botnet-42 PCAP is botnet capture only
2011-08-10T09:28:00+00:00,2011-08-10T09:29:00+00:00,BOTNET,NERIS_BOTNET,CTU-13 official documentation: Botnet-42 PCAP is botnet capture only
2011-08-10T09:29:00+00:00,2011-08-10T09:30:00+00:00,BOTNET,NERIS_BOTNET,CTU-13 official documentation: Botnet-42 PCAP is botnet capture only
2011-08-10T09:30:00+00:00,2011-08-10T09:31:00+00:00,BOTNET,NERIS_BOTNET,CTU-13 official documentation: Botnet-42 PCAP is botnet capture only
2011-08-10T09:31:00+00:00,2011-08-10T09:32:00+00:00,BOTNET,NERIS_BOTNET,CTU-13 official documentation: Botnet-42 PCAP is botnet capture only
2011-08-10T09:32:00+00:00,2011-08-10T09:33:00+00:00,BOTNET,NERIS_BOTNET,CTU-13 official documentation: Botnet-42 PCAP is botnet capture only
2011-08-10T09:33:00+00:00,2011-08-10T09:34:00+00:00,BOTNET,NERIS_BOTNET,CTU-13 official documentation: Botnet-42 PCAP is botnet capture only
2011-08-10T09:34:00+00:00,2011-08-10T09:35:00+00:00,BOTNET,NERIS_BOTNET,CTU-13 official documentation: Botnet-42 PCAP is botnet capture only
2011-08-10T09:35:00+00:00,2011-08-10T09:36:00+00:00,BOTNET,NERIS_BOTNET,CTU-13 official documentation: Botnet-42 PCAP is botnet capture only
2011-08-10T09:36:00+00:00,2011-08-10T09:37:00+00:00,BOTNET,NERIS_BOTNET,CTU-13 official documentation: Botnet-42 PCAP is botnet capture only
2011-08-10T09:37:00+00:00,2011-08-10T09:38:00+00:00,BOTNET,NERIS_BOTNET,CTU-13 official documentation: Botnet-42 PCAP is botnet capture only
2011-08-10T09:38:00+00:00,2011-08-10T09:39:00+00:00,BOTNET,NERIS_BOTNET,CTU-13 official documentation: Botnet-42 PCAP is botnet capture only
2011-08-10T09:39:00+00:00,2011-08-10T09:40:00+00:00,BOTNET,NERIS_BOTNET,CTU-13 official documentation: Botnet-42 PCAP is botnet capture only
2011-08-10T09:40:00+00:00,2011-08-10T09:41:00+00:00,BOTNET,NERIS_BOTNET,CTU-13 official documentation: Botnet-42 PCAP is botnet capture only
2011-08-10T09:41:00+00:00,2011-08-10T09:42:00+00:00,BOTNET,NERIS_BOTNET,CTU-13 official documentation: Botnet-42 PCAP is botnet capture only
2011-08-10T09:42:00+00:00,2011-08-10T09:43:00+00:00,BOTNET,NERIS_BOTNET,CTU-13 official documentation: Botnet-42 PCAP is botnet capture only
2011-08-10T09:43:00+00:00,2011-08-10T09:44:00+00:00,BOTNET,NERIS_BOTNET,CTU-13 official documentation: Botnet-42 PCAP is botnet capture only
2011-08-10T09:44:00+00:00,2011-08-10T09:45:00+00:00,BOTNET,NERIS_BOTNET,CTU-13 official documentation: Botnet-42 PCAP is botnet capture only
2011-08-10T09:45:00+00:00,2011-08-10T09:46:00+00:00,BOTNET,NERIS_BOTNET,CTU-13 official documentation: Botnet-42 PCAP is botnet capture only
2011-08-10T09:46:00+00:00,2011-08-10T09:47:00+00:00,BOTNET,NERIS_BOTNET,CTU-13 official documentation: Botnet-42 PCAP is botnet capture only
2011-08-10T09:47:00+00:00,2011-08-10T09:48:00+00:00,BOTNET,NERIS_BOTNET,CTU-13 official documentation: Botnet-42 PCAP is botnet capture only
2011-08-10T09:48:00+00:00,2011-08-10T09:49:00+00:00,BOTNET,NERIS_BOTNET,CTU-13 official documentation: Botnet-42 PCAP is botnet capture only
2011-08-10T09:49:00+00:00,2011-08-10T09:50:00+00:00,BOTNET,NERIS_BOTNET,CTU-13 official documentation: Botnet-42 PCAP is botnet capture only
2011-08-10T09:50:00+00:00,2011-08-10T09:51:00+00:00,BOTNET,NERIS_BOTNET,CTU-13 official documentation: Botnet-42 PCAP is botnet capture only
2011-08-10T09:51:00+00:00,2011-08-10T09:52:00+00:00,BOTNET,NERIS_BOTNET,CTU-13 official documentation: Botnet-42 PCAP is botnet capture only
2011-08-10T09:52:00+00:00,2011-08-10T09:53:00+00:00,BOTNET,NERIS_BOTNET,CTU-13 official documentation: Botnet-42 PCAP is botnet capture only
2011-08-10T09:53:00+00:00,2011-08-10T09:54:00+00:00,BOTNET,NERIS_BOTNET,CTU-13 official documentation: Botnet-42 PCAP is botnet capture only
2011-08-10T09:54:00+00:00,2011-08-10T09:55:00+00:00,BOTNET,NERIS_BOTNET,CTU-13 official documentation: Botnet-42 PCAP is botnet capture only
2011-08-10T09:55:00+00:00,2011-08-10T09:56:00+00:00,BOTNET,NERIS_BOTNET,CTU-13 official documentation: Botnet-42 PCAP is botnet capture only
2011-08-10T09:56:00+00:00,2011-08-10T09:57:00+00:00,BOTNET,NERIS_BOTNET,CTU-13 official documentation: Botnet-42 PCAP is botnet capture only
2011-08-10T09:57:00+00:00,2011-08-10T09:58:00+00:00,BOTNET,NERIS_BOTNET,CTU-13 official documentation: Botnet-42 PCAP is botnet capture only
2011-08-10T09:58:00+00:00,2011-08-10T09:59:00+00:00,BOTNET,NERIS_BOTNET,CTU-13 official documentation: Botnet-42 PCAP is botnet capture only
2011-08-10T09:59:00+00:00,2011-08-10T10:00:00+00:00,BOTNET,NERIS_BOTNET,CTU-13 official documentation: Botnet-42 PCAP is botnet capture only
2011-08-10T10:00:00+00:00,2011-08-10T10:01:00+00:00,BOTNET,NERIS_BOTNET,CTU-13 official documentation: Botnet-42 PCAP is botnet capture only
2011-08-10T10:01:00+00:00,2011-08-10T10:02:00+00:00,BOTNET,NERIS_BOTNET,CTU-13 official documentation: Botnet-42 PCAP is botnet capture only
2011-08-10T10:02:00+00:00,2011-08-10T10:03:00+00:00,BOTNET,NERIS_BOTNET,CTU-13 official documentation: Botnet-42 PCAP is botnet capture only
2011-08-10T10:03:00+00:00,2011-08-10T10:04:00+00:00,BOTNET,NERIS_BOTNET,CTU-13 official documentation: Botnet-42 PCAP is botnet capture only
2011-08-10T10:04:00+00:00,2011-08-10T10:05:00+00:00,BOTNET,NERIS_BOTNET,CTU-13 official documentation: Botnet-42 PCAP is botnet capture only
2011-08-10T10:05:00+00:00,2011-08-10T10:06:00+00:00,BOTNET,NERIS_BOTNET,CTU-13 official documentation: Botnet-42 PCAP is botnet capture only
2011-08-10T10:06:00+00:00,2011-08-10T10:07:00+00:00,BOTNET,NERIS_BOTNET,CTU-13 official documentation: Botnet-42 PCAP is botnet capture only
2011-08-10T10:07:00+00:00,2011-08-10T10:08:00+00:00,BOTNET,NERIS_BOTNET,CTU-13 official documentation: Botnet-42 PCAP is botnet capture only
2011-08-10T10:08:00+00:00,2011-08-10T10:09:00+00:00,BOTNET,NERIS_BOTNET,CTU-13 official documentation: Botnet-42 PCAP is botnet capture only
2011-08-10T10:09:00+00:00,2011-08-10T10:10:00+00:00,BOTNET,NERIS_BOTNET,CTU-13 official documentation: Botnet-42 PCAP is botnet capture only
2011-08-10T10:10:00+00:00,2011-08-10T10:11:00+00:00,BOTNET,NERIS_BOTNET,CTU-13 official documentation: Botnet-42 PCAP is botnet capture only
2011-08-10T10:11:00+00:00,2011-08-10T10:12:00+00:00,BOTNET,NERIS_BOTNET,CTU-13 official documentation: Botnet-42 PCAP is botnet capture only
2011-08-10T10:12:00+00:00,2011-08-10T10:13:00+00:00,BOTNET,NERIS_BOTNET,CTU-13 official documentation: Botnet-42 PCAP is botnet capture only
2011-08-10T10:13:00+00:00,2011-08-10T10:14:00+00:00,BOTNET,NERIS_BOTNET,CTU-13 official documentation: Botnet-42 PCAP is botnet capture only
2011-08-10T10:14:00+00:00,2011-08-10T10:15:00+00:00,BOTNET,NERIS_BOTNET,CTU-13 official documentation: Botnet-42 PCAP is botnet capture only
2011-08-10T10:15:00+00:00,2011-08-10T10:16:00+00:00,BOTNET,NERIS_BOTNET,CTU-13 official documentation: Botnet-42 PCAP is botnet capture only
2011-08-10T10:16:00+00:00,2011-08-10T10:17:00+00:00,BOTNET,NERIS_BOTNET,CTU-13 official documentation: Botnet-42 PCAP is botnet capture only
2011-08-10T10:17:00+00:00,2011-08-10T10:18:00+00:00,BOTNET,NERIS_BOTNET,CTU-13 official documentation: Botnet-42 PCAP is botnet capture only
2011-08-10T10:18:00+00:00,2011-08-10T10:19:00+00:00,BOTNET,NERIS_BOTNET,CTU-13 official documentation: Botnet-42 PCAP is botnet capture only
2011-08-10T10:19:00+00:00,2011-08-10T10:20:00+00:00,BOTNET,NERIS_BOTNET,CTU-13 official documentation: Botnet-42 PCAP is botnet capture only
2011-08-10T10:20:00+00:00,2011-08-10T10:21:00+00:00,BOTNET,NERIS_BOTNET,CTU-13 official documentation: Botnet-42 PCAP is botnet capture only
2011-08-10T10:21:00+00:00,2011-08-10T10:22:00+00:00,BOTNET,NERIS_BOTNET,CTU-13 official documentation: Botnet-42 PCAP is botnet capture only
2011-08-10T10:22:00+00:00,2011-08-10T10:23:00+00:00,BOTNET,NERIS_BOTNET,CTU-13 official documentation: Botnet-42 PCAP is botnet capture only
2011-08-10T10:23:00+00:00,2011-08-10T10:24:00+00:00,BOTNET,NERIS_BOTNET,CTU-13 official documentation: Botnet-42 PCAP is botnet capture only
2011-08-10T10:24:00+00:00,2011-08-10T10:25:00+00:00,BOTNET,NERIS_BOTNET,CTU-13 official documentation: Botnet-42 PCAP is botnet capture only
2011-08-10T10:25:00+00:00,2011-08-10T10:26:00+00:00,BOTNET,NERIS_BOTNET,CTU-13 official documentation: Botnet-42 PCAP is botnet capture only
2011-08-10T10:26:00+00:00,2011-08-10T10:27:00+00:00,BOTNET,NERIS_BOTNET,CTU-13 official documentation: Botnet-42 PCAP is botnet capture only
2011-08-10T10:27:00+00:00,2011-08-10T10:28:00+00:00,BOTNET,NERIS_BOTNET,CTU-13 official documentation: Botnet-42 PCAP is botnet capture only
2011-08-10T10:28:00+00:00,2011-08-10T10:29:00+00:00,BOTNET,NERIS_BOTNET,CTU-13 official documentation: Botnet-42 PCAP is botnet capture only
2011-08-10T10:29:00+00:00,2011-08-10T10:30:00+00:00,BOTNET,NERIS_BOTNET,CTU-13 official documentation: Botnet-42 PCAP is botnet capture only
2011-08-10T10:30:00+00:00,2011-08-10T10:31:00+00:00,BOTNET,NERIS_BOTNET,CTU-13 official documentation: Botnet-42 PCAP is botnet capture only
2011-08-10T10:31:00+00:00,2011-08-10T10:32:00+00:00,BOTNET,NERIS_BOTNET,CTU-13 official documentation: Botnet-42 PCAP is botnet capture only
2011-08-10T10:32:00+00:00,2011-08-10T10:33:00+00:00,BOTNET,NERIS_BOTNET,CTU-13 official documentation: Botnet-42 PCAP is botnet capture only
2011-08-10T10:33:00+00:00,2011-08-10T10:34:00+00:00,BOTNET,NERIS_BOTNET,CTU-13 official documentation: Botnet-42 PCAP is botnet capture only
2011-08-10T10:34:00+00:00,2011-08-10T10:35:00+00:00,BOTNET,NERIS_BOTNET,CTU-13 official documentation: Botnet-42 PCAP is botnet capture only
2011-08-10T10:35:00+00:00,2011-08-10T10:36:00+00:00,BOTNET,NERIS_BOTNET,CTU-13 official documentation: Botnet-42 PCAP is botnet capture only
2011-08-10T10:36:00+00:00,2011-08-10T10:37:00+00:00,BOTNET,NERIS_BOTNET,CTU-13 official documentation: Botnet-42 PCAP is botnet capture only
2011-08-10T10:37:00+00:00,2011-08-10T10:38:00+00:00,BOTNET,NERIS_BOTNET,CTU-13 official documentation: Botnet-42 PCAP is botnet capture only
2011-08-10T10:38:00+00:00,2011-08-10T10:39:00+00:00,BOTNET,NERIS_BOTNET,CTU-13 official documentation: Botnet-42 PCAP is botnet capture only
2011-08-10T10:39:00+00:00,2011-08-10T10:40:00+00:00,BOTNET,NERIS_BOTNET,CTU-13 official documentation: Botnet-42 PCAP is botnet capture only
2011-08-10T10:40:00+00:00,2011-08-10T10:41:00+00:00,BOTNET,NERIS_BOTNET,CTU-13 official documentation: Botnet-42 PCAP is botnet capture only
2011-08-10T10:41:00+00:00,2011-08-10T10:42:00+00:00,BOTNET,NERIS_BOTNET,CTU-13 official documentation: Botnet-42 PCAP is botnet capture only
2011-08-10T10:42:00+00:00,2011-08-10T10:43:00+00:00,BOTNET,NERIS_BOTNET,CTU-13 official documentation: Botnet-42 PCAP is botnet capture only
2011-08-10T10:43:00+00:00,2011-08-10T10:44:00+00:00,BOTNET,NERIS_BOTNET,CTU-13 official documentation: Botnet-42 PCAP is botnet capture only
2011-08-10T10:44:00+00:00,2011-08-10T10:45:00+00:00,BOTNET,NERIS_BOTNET,CTU-13 official documentation: Botnet-42 PCAP is botnet capture only
2011-08-10T10:45:00+00:00,2011-08-10T10:46:00+00:00,BOTNET,NERIS_BOTNET,CTU-13 official documentation: Botnet-42 PCAP is botnet capture only
2011-08-10T10:46:00+00:00,2011-08-10T10:47:00+00:00,BOTNET,NERIS_BOTNET,CTU-13 official documentation: Botnet-42 PCAP is botnet capture only
2011-08-10T10:47:00+00:00,2011-08-10T10:48:00+00:00,BOTNET,NERIS_BOTNET,CTU-13 official documentation: Botnet-42 PCAP is botnet capture only
2011-08-10T10:48:00+00:00,2011-08-10T10:49:00+00:00,BOTNET,NERIS_BOTNET,CTU-13 official documentation: Botnet-42 PCAP is botnet capture only
2011-08-10T10:49:00+00:00,2011-08-10T10:50:00+00:00,BOTNET,NERIS_BOTNET,CTU-13 official documentation: Botnet-42 PCAP is botnet capture only
2011-08-10T10:50:00+00:00,2011-08-10T10:51:00+00:00,BOTNET,NERIS_BOTNET,CTU-13 official documentation: Botnet-42 PCAP is botnet capture only
2011-08-10T10:51:00+00:00,2011-08-10T10:52:00+00:00,BOTNET,NERIS_BOTNET,CTU-13 official documentation: Botnet-42 PCAP is botnet capture only
2011-08-10T10:52:00+00:00,2011-08-10T10:53:00+00:00,BOTNET,NERIS_BOTNET,CTU-13 official documentation: Botnet-42 PCAP is botnet capture only
2011-08-10T10:53:00+00:00,2011-08-10T10:54:00+00:00,BOTNET,NERIS_BOTNET,CTU-13 official documentation: Botnet-42 PCAP is botnet capture only
2011-08-10T10:54:00+00:00,2011-08-10T10:55:00+00:00,BOTNET,NERIS_BOTNET,CTU-13 official documentation: Botnet-42 PCAP is botnet capture only
2011-08-10T10:55:00+00:00,2011-08-10T10:56:00+00:00,BOTNET,NERIS_BOTNET,CTU-13 official documentation: Botnet-42 PCAP is botnet capture only
2011-08-10T10:56:00+00:00,2011-08-10T10:57:00+00:00,BOTNET,NERIS_BOTNET,CTU-13 official documentation: Botnet-42 PCAP is botnet capture only
2011-08-10T10:57:00+00:00,2011-08-10T10:58:00+00:00,BOTNET,NERIS_BOTNET,CTU-13 official documentation: Botnet-42 PCAP is botnet capture only
2011-08-10T10:58:00+00:00,2011-08-10T10:59:00+00:00,BOTNET,NERIS_BOTNET,CTU-13 official documentation: Botnet-42 PCAP is botnet capture only
2011-08-10T10:59:00+00:00,2011-08-10T11:00:00+00:00,BOTNET,NERIS_BOTNET,CTU-13 official documentation: Botnet-42 PCAP is botnet capture only
2011-08-10T11:00:00+00:00,2011-08-10T11:01:00+00:00,BOTNET,NERIS_BOTNET,CTU-13 official documentation: Botnet-42 PCAP is botnet capture only
2011-08-10T11:01:00+00:00,2011-08-10T11:02:00+00:00,BOTNET,NERIS_BOTNET,CTU-13 official documentation: Botnet-42 PCAP is botnet capture only
2011-08-10T11:02:00+00:00,2011-08-10T11:03:00+00:00,BOTNET,NERIS_BOTNET,CTU-13 official documentation: Botnet-42 PCAP is botnet capture only
2011-08-10T11:03:00+00:00,2011-08-10T11:04:00+00:00,BOTNET,NERIS_BOTNET,CTU-13 official documentation: Botnet-42 PCAP is botnet capture only
2011-08-10T11:04:00+00:00,2011-08-10T11:05:00+00:00,BOTNET,NERIS_BOTNET,CTU-13 official documentation: Botnet-42 PCAP is botnet capture only
2011-08-10T11:05:00+00:00,2011-08-10T11:06:00+00:00,BOTNET,NERIS_BOTNET,CTU-13 official documentation: Botnet-42 PCAP is botnet capture only
2011-08-10T11:06:00+00:00,2011-08-10T11:07:00+00:00,BOTNET,NERIS_BOTNET,CTU-13 official documentation: Botnet-42 PCAP is botnet capture only
2011-08-10T11:07:00+00:00,2011-08-10T11:08:00+00:00,BOTNET,NERIS_BOTNET,CTU-13 official documentation: Botnet-42 PCAP is botnet capture only
2011-08-10T11:08:00+00:00,2011-08-10T11:09:00+00:00,BOTNET,NERIS_BOTNET,CTU-13 official documentation: Botnet-42 PCAP is botnet capture only
2011-08-10T11:09:00+00:00,2011-08-10T11:10:00+00:00,BOTNET,NERIS_BOTNET,CTU-13 official documentation: Botnet-42 PCAP is botnet capture only
2011-08-10T11:10:00+00:00,2011-08-10T11:11:00+00:00,BOTNET,NERIS_BOTNET,CTU-13 official documentation: Botnet-42 PCAP is botnet capture only
2011-08-10T11:11:00+00:00,2011-08-10T11:12:00+00:00,BOTNET,NERIS_BOTNET,CTU-13 official documentation: Botnet-42 PCAP is botnet capture only
2011-08-10T11:12:00+00:00,2011-08-10T11:13:00+00:00,BOTNET,NERIS_BOTNET,CTU-13 official documentation: Botnet-42 PCAP is botnet capture only
2011-08-10T11:13:00+00:00,2011-08-10T11:14:00+00:00,BOTNET,NERIS_BOTNET,CTU-13 official documentation: Botnet-42 PCAP is botnet capture only
2011-08-10T11:14:00+00:00,2011-08-10T11:15:00+00:00,BOTNET,NERIS_BOTNET,CTU-13 official documentation: Botnet-42 PCAP is botnet capture only
2011-08-10T11:15:00+00:00,2011-08-10T11:16:00+00:00,BOTNET,NERIS_BOTNET,CTU-13 official documentation: Botnet-42 PCAP is botnet capture only
2011-08-10T11:16:00+00:00,2011-08-10T11:17:00+00:00,BOTNET,NERIS_BOTNET,CTU-13 official documentation: Botnet-42 PCAP is botnet capture only
2011-08-10T11:17:00+00:00,2011-08-10T11:18:00+00:00,BOTNET,NERIS_BOTNET,CTU-13 official documentation: Botnet-42 PCAP is botnet capture only
2011-08-10T11:18:00+00:00,2011-08-10T11:19:00+00:00,BOTNET,NERIS_BOTNET,CTU-13 official documentation: Botnet-42 PCAP is botnet capture only
2011-08-10T11:19:00+00:00,2011-08-10T11:20:00+00:00,BOTNET,NERIS_BOTNET,CTU-13 official documentation: Botnet-42 PCAP is botnet capture only
2011-08-10T11:20:00+00:00,2011-08-10T11:21:00+00:00,BOTNET,NERIS_BOTNET,CTU-13 official documentation: Botnet-42 PCAP is botnet capture only
2011-08-10T11:21:00+00:00,2011-08-10T11:22:00+00:00,BOTNET,NERIS_BOTNET,CTU-13 official documentation: Botnet-42 PCAP is botnet capture only
2011-08-10T11:22:00+00:00,2011-08-10T11:23:00+00:00,BOTNET,NERIS_BOTNET,CTU-13 official documentation: Botnet-42 PCAP is botnet capture only
2011-08-10T11:23:00+00:00,2011-08-10T11:24:00+00:00,BOTNET,NERIS_BOTNET,CTU-13 official documentation: Botnet-42 PCAP is botnet capture only
2011-08-10T11:24:00+00:00,2011-08-10T11:25:00+00:00,BOTNET,NERIS_BOTNET,CTU-13 official documentation: Botnet-42 PCAP is botnet capture only
2011-08-10T11:25:00+00:00,2011-08-10T11:26:00+00:00,BOTNET,NERIS_BOTNET,CTU-13 official documentation: Botnet-42 PCAP is botnet capture only
2011-08-10T11:26:00+00:00,2011-08-10T11:27:00+00:00,BOTNET,NERIS_BOTNET,CTU-13 official documentation: Botnet-42 PCAP is botnet capture only
2011-08-10T11:27:00+00:00,2011-08-10T11:28:00+00:00,BOTNET,NERIS_BOTNET,CTU-13 official documentation: Botnet-42 PCAP is botnet capture only
2011-08-10T11:28:00+00:00,2011-08-10T11:29:00+00:00,BOTNET,NERIS_BOTNET,CTU-13 official documentation: Botnet-42 PCAP is botnet capture only
2011-08-10T11:29:00+00:00,2011-08-10T11:30:00+00:00,BOTNET,NERIS_BOTNET,CTU-13 official documentation: Botnet-42 PCAP is botnet capture only
2011-08-10T11:30:00+00:00,2011-08-10T11:31:00+00:00,BOTNET,NERIS_BOTNET,CTU-13 official documentation: Botnet-42 PCAP is botnet capture only
2011-08-10T11:31:00+00:00,2011-08-10T11:32:00+00:00,BOTNET,NERIS_BOTNET,CTU-13 official documentation: Botnet-42 PCAP is botnet capture only
2011-08-10T11:32:00+00:00,2011-08-10T11:33:00+00:00,BOTNET,NERIS_BOTNET,CTU-13 official documentation: Botnet-42 PCAP is botnet capture only
2011-08-10T11:33:00+00:00,2011-08-10T11:34:00+00:00,BOTNET,NERIS_BOTNET,CTU-13 official documentation: Botnet-42 PCAP is botnet capture only
2011-08-10T11:34:00+00:00,2011-08-10T11:35:00+00:00,BOTNET,NERIS_BOTNET,CTU-13 official documentation: Botnet-42 PCAP is botnet capture only
2011-08-10T11:35:00+00:00,2011-08-10T11:36:00+00:00,BOTNET,NERIS_BOTNET,CTU-13 official documentation: Botnet-42 PCAP is botnet capture only
2011-08-10T11:36:00+00:00,2011-08-10T11:37:00+00:00,BOTNET,NERIS_BOTNET,CTU-13 official documentation: Botnet-42 PCAP is botnet capture only
2011-08-10T11:37:00+00:00,2011-08-10T11:38:00+00:00,BOTNET,NERIS_BOTNET,CTU-13 official documentation: Botnet-42 PCAP is botnet capture only
2011-08-10T11:38:00+00:00,2011-08-10T11:39:00+00:00,BOTNET,NERIS_BOTNET,CTU-13 official documentation: Botnet-42 PCAP is botnet capture only
2011-08-10T11:39:00+00:00,2011-08-10T11:40:00+00:00,BOTNET,NERIS_BOTNET,CTU-13 official documentation: Botnet-42 PCAP is botnet capture only
2011-08-10T11:40:00+00:00,2011-08-10T11:41:00+00:00,BOTNET,NERIS_BOTNET,CTU-13 official documentation: Botnet-42 PCAP is botnet capture only
2011-08-10T11:41:00+00:00,2011-08-10T11:42:00+00:00,BOTNET,NERIS_BOTNET,CTU-13 official documentation: Botnet-42 PCAP is botnet capture only
2011-08-10T11:42:00+00:00,2011-08-10T11:43:00+00:00,BOTNET,NERIS_BOTNET,CTU-13 official documentation: Botnet-42 PCAP is botnet capture only
2011-08-10T11:43:00+00:00,2011-08-10T11:44:00+00:00,BOTNET,NERIS_BOTNET,CTU-13 official documentation: Botnet-42 PCAP is botnet capture only
2011-08-10T11:44:00+00:00,2011-08-10T11:45:00+00:00,BOTNET,NERIS_BOTNET,CTU-13 official documentation: Botnet-42 PCAP is botnet capture only
2011-08-10T11:45:00+00:00,2011-08-10T11:46:00+00:00,BOTNET,NERIS_BOTNET,CTU-13 official documentation: Botnet-42 PCAP is botnet capture only
2011-08-10T11:46:00+00:00,2011-08-10T11:47:00+00:00,BOTNET,NERIS_BOTNET,CTU-13 official documentation: Botnet-42 PCAP is botnet capture only
2011-08-10T11:47:00+00:00,2011-08-10T11:48:00+00:00,BOTNET,NERIS_BOTNET,CTU-13 official documentation: Botnet-42 PCAP is botnet capture only
2011-08-10T11:48:00+00:00,2011-08-10T11:49:00+00:00,BOTNET,NERIS_BOTNET,CTU-13 official documentation: Botnet-42 PCAP is botnet capture only
2011-08-10T11:49:00+00:00,2011-08-10T11:50:00+00:00,BOTNET,NERIS_BOTNET,CTU-13 official documentation: Botnet-42 PCAP is botnet capture only
2011-08-10T11:50:00+00:00,2011-08-10T11:51:00+00:00,BOTNET,NERIS_BOTNET,CTU-13 official documentation: Botnet-42 PCAP is botnet capture only
2011-08-10T11:51:00+00:00,2011-08-10T11:52:00+00:00,BOTNET,NERIS_BOTNET,CTU-13 official documentation: Botnet-42 PCAP is botnet capture only
2011-08-10T11:52:00+00:00,2011-08-10T11:53:00+00:00,BOTNET,NERIS_BOTNET,CTU-13 official documentation: Botnet-42 PCAP is botnet capture only
2011-08-10T11:53:00+00:00,2011-08-10T11:54:00+00:00,BOTNET,NERIS_BOTNET,CTU-13 official documentation: Botnet-42 PCAP is botnet capture only
2011-08-10T11:54:00+00:00,2011-08-10T11:55:00+00:00,BOTNET,NERIS_BOTNET,CTU-13 official documentation: Botnet-42 PCAP is botnet capture only
2011-08-10T11:55:00+00:00,2011-08-10T11:56:00+00:00,BOTNET,NERIS_BOTNET,CTU-13 official documentation: Botnet-42 PCAP is botnet capture only
2011-08-10T11:56:00+00:00,2011-08-10T11:57:00+00:00,BOTNET,NERIS_BOTNET,CTU-13 official documentation: Botnet-42 PCAP is botnet capture only
2011-08-10T11:57:00+00:00,2011-08-10T11:58:00+00:00,BOTNET,NERIS_BOTNET,CTU-13 official documentation: Botnet-42 PCAP is botnet capture only
2011-08-10T11:58:00+00:00,2011-08-10T11:59:00+00:00,BOTNET,NERIS_BOTNET,CTU-13 official documentation: Botnet-42 PCAP is botnet capture only
2011-08-10T11:59:00+00:00,2011-08-10T12:00:00+00:00,BOTNET,NERIS_BOTNET,CTU-13 official documentation: Botnet-42 PCAP is botnet capture only
2011-08-10T12:00:00+00:00,2011-08-10T12:01:00+00:00,BOTNET,NERIS_BOTNET,CTU-13 official documentation: Botnet-42 PCAP is botnet capture only
2011-08-10T12:01:00+00:00,2011-08-10T12:02:00+00:00,BOTNET,NERIS_BOTNET,CTU-13 official documentation: Botnet-42 PCAP is botnet capture only
2011-08-10T12:02:00+00:00,2011-08-10T12:03:00+00:00,BOTNET,NERIS_BOTNET,CTU-13 official documentation: Botnet-42 PCAP is botnet capture only
2011-08-10T12:03:00+00:00,2011-08-10T12:04:00+00:00,BOTNET,NERIS_BOTNET,CTU-13 official documentation: Botnet-42 PCAP is botnet capture only
2011-08-10T12:04:00+00:00,2011-08-10T12:05:00+00:00,BOTNET,NERIS_BOTNET,CTU-13 official documentation: Botnet-42 PCAP is botnet capture only
2011-08-10T12:05:00+00:00,2011-08-10T12:06:00+00:00,BOTNET,NERIS_BOTNET,CTU-13 official documentation: Botnet-42 PCAP is botnet capture only
2011-08-10T12:06:00+00:00,2011-08-10T12:07:00+00:00,BOTNET,NERIS_BOTNET,CTU-13 official documentation: Botnet-42 PCAP is botnet capture only
2011-08-10T12:07:00+00:00,2011-08-10T12:08:00+00:00,BOTNET,NERIS_BOTNET,CTU-13 official documentation: Botnet-42 PCAP is botnet capture only
2011-08-10T12:08:00+00:00,2011-08-10T12:09:00+00:00,BOTNET,NERIS_BOTNET,CTU-13 official documentation: Botnet-42 PCAP is botnet capture only
2011-08-10T12:09:00+00:00,2011-08-10T12:10:00+00:00,BOTNET,NERIS_BOTNET,CTU-13 official documentation: Botnet-42 PCAP is botnet capture only
2011-08-10T12:10:00+00:00,2011-08-10T12:11:00+00:00,BOTNET,NERIS_BOTNET,CTU-13 official documentation: Botnet-42 PCAP is botnet capture only
2011-08-10T12:11:00+00:00,2011-08-10T12:12:00+00:00,BOTNET,NERIS_BOTNET,CTU-13 official documentation: Botnet-42 PCAP is botnet capture only
2011-08-10T12:12:00+00:00,2011-08-10T12:13:00+00:00,BOTNET,NERIS_BOTNET,CTU-13 official documentation: Botnet-42 PCAP is botnet capture only
2011-08-10T12:13:00+00:00,2011-08-10T12:14:00+00:00,BOTNET,NERIS_BOTNET,CTU-13 official documentation: Botnet-42 PCAP is botnet capture only
2011-08-10T12:14:00+00:00,2011-08-10T12:15:00+00:00,BOTNET,NERIS_BOTNET,CTU-13 official documentation: Botnet-42 PCAP is botnet capture only
2011-08-10T12:15:00+00:00,2011-08-10T12:16:00+00:00,BOTNET,NERIS_BOTNET,CTU-13 official documentation: Botnet-42 PCAP is botnet capture only
2011-08-10T12:16:00+00:00,2011-08-10T12:17:00+00:00,BOTNET,NERIS_BOTNET,CTU-13 official documentation: Botnet-42 PCAP is botnet capture only
2011-08-10T12:17:00+00:00,2011-08-10T12:18:00+00:00,BOTNET,NERIS_BOTNET,CTU-13 official documentation: Botnet-42 PCAP is botnet capture only
2011-08-10T12:18:00+00:00,2011-08-10T12:19:00+00:00,BOTNET,NERIS_BOTNET,CTU-13 official documentation: Botnet-42 PCAP is botnet capture only
2011-08-10T12:19:00+00:00,2011-08-10T12:20:00+00:00,BOTNET,NERIS_BOTNET,CTU-13 official documentation: Botnet-42 PCAP is botnet capture only
2011-08-10T12:20:00+00:00,2011-08-10T12:21:00+00:00,BOTNET,NERIS_BOTNET,CTU-13 official documentation: Botnet-42 PCAP is botnet capture only
2011-08-10T12:21:00+00:00,2011-08-10T12:22:00+00:00,BOTNET,NERIS_BOTNET,CTU-13 official documentation: Botnet-42 PCAP is botnet capture only
2011-08-10T12:22:00+00:00,2011-08-10T12:23:00+00:00,BOTNET,NERIS_BOTNET,CTU-13 official documentation: Botnet-42 PCAP is botnet capture only
2011-08-10T12:23:00+00:00,2011-08-10T12:24:00+00:00,BOTNET,NERIS_BOTNET,CTU-13 official documentation: Botnet-42 PCAP is botnet capture only
2011-08-10T12:24:00+00:00,2011-08-10T12:25:00+00:00,BOTNET,NERIS_BOTNET,CTU-13 official documentation: Botnet-42 PCAP is botnet capture only
2011-08-10T12:25:00+00:00,2011-08-10T12:26:00+00:00,BOTNET,NERIS_BOTNET,CTU-13 official documentation: Botnet-42 PCAP is botnet capture only
2011-08-10T12:26:00+00:00,2011-08-10T12:27:00+00:00,BOTNET,NERIS_BOTNET,CTU-13 official documentation: Botnet-42 PCAP is botnet capture only
2011-08-10T12:27:00+00:00,2011-08-10T12:28:00+00:00,BOTNET,NERIS_BOTNET,CTU-13 official documentation: Botnet-42 PCAP is botnet capture only
2011-08-10T12:28:00+00:00,2011-08-10T12:29:00+00:00,BOTNET,NERIS_BOTNET,CTU-13 official documentation: Botnet-42 PCAP is botnet capture only
2011-08-10T12:29:00+00:00,2011-08-10T12:30:00+00:00,BOTNET,NERIS_BOTNET,CTU-13 official documentation: Botnet-42 PCAP is botnet capture only
2011-08-10T12:30:00+00:00,2011-08-10T12:31:00+00:00,BOTNET,NERIS_BOTNET,CTU-13 official documentation: Botnet-42 PCAP is botnet capture only
2011-08-10T12:31:00+00:00,2011-08-10T12:32:00+00:00,BOTNET,NERIS_BOTNET,CTU-13 official documentation: Botnet-42 PCAP is botnet capture only
2011-08-10T12:32:00+00:00,2011-08-10T12:33:00+00:00,BOTNET,NERIS_BOTNET,CTU-13 official documentation: Botnet-42 PCAP is botnet capture only
2011-08-10T12:33:00+00:00,2011-08-10T12:34:00+00:00,BOTNET,NERIS_BOTNET,CTU-13 official documentation: Botnet-42 PCAP is botnet capture only
2011-08-10T12:34:00+00:00,2011-08-10T12:35:00+00:00,BOTNET,NERIS_BOTNET,CTU-13 official documentation: Botnet-42 PCAP is botnet capture only
2011-08-10T12:35:00+00:00,2011-08-10T12:36:00+00:00,BOTNET,NERIS_BOTNET,CTU-13 official documentation: Botnet-42 PCAP is botnet capture only
2011-08-10T12:36:00+00:00,2011-08-10T12:37:00+00:00,BOTNET,NERIS_BOTNET,CTU-13 official documentation: Botnet-42 PCAP is botnet capture only
2011-08-10T12:37:00+00:00,2011-08-10T12:38:00+00:00,BOTNET,NERIS_BOTNET,CTU-13 official documentation: Botnet-42 PCAP is botnet capture only
2011-08-10T12:38:00+00:00,2011-08-10T12:39:00+00:00,BOTNET,NERIS_BOTNET,CTU-13 official documentation: Botnet-42 PCAP is botnet capture only
2011-08-10T12:39:00+00:00,2011-08-10T12:40:00+00:00,BOTNET,NERIS_BOTNET,CTU-13 official documentation: Botnet-42 PCAP is botnet capture only
2011-08-10T12:40:00+00:00,2011-08-10T12:41:00+00:00,BOTNET,NERIS_BOTNET,CTU-13 official documentation: Botnet-42 PCAP is botnet capture only
2011-08-10T12:41:00+00:00,2011-08-10T12:42:00+00:00,BOTNET,NERIS_BOTNET,CTU-13 official documentation: Botnet-42 PCAP is botnet capture only
2011-08-10T12:42:00+00:00,2011-08-10T12:43:00+00:00,BOTNET,NERIS_BOTNET,CTU-13 official documentation: Botnet-42 PCAP is botnet capture only
2011-08-10T12:43:00+00:00,2011-08-10T12:44:00+00:00,BOTNET,NERIS_BOTNET,CTU-13 official documentation: Botnet-42 PCAP is botnet capture only
2011-08-10T12:44:00+00:00,2011-08-10T12:45:00+00:00,BOTNET,NERIS_BOTNET,CTU-13 official documentation: Botnet-42 PCAP is botnet capture only
2011-08-10T12:45:00+00:00,2011-08-10T12:46:00+00:00,BOTNET,NERIS_BOTNET,CTU-13 official documentation: Botnet-42 PCAP is botnet capture only
2011-08-10T12:46:00+00:00,2011-08-10T12:47:00+00:00,BOTNET,NERIS_BOTNET,CTU-13 official documentation: Botnet-42 PCAP is botnet capture only
2011-08-10T12:47:00+00:00,2011-08-10T12:48:00+00:00,BOTNET,NERIS_BOTNET,CTU-13 official documentation: Botnet-42 PCAP is botnet capture only
2011-08-10T12:48:00+00:00,2011-08-10T12:49:00+00:00,BOTNET,NERIS_BOTNET,CTU-13 official documentation: Botnet-42 PCAP is botnet capture only
2011-08-10T12:49:00+00:00,2011-08-10T12:50:00+00:00,BOTNET,NERIS_BOTNET,CTU-13 official documentation: Botnet-42 PCAP is botnet capture only
2011-08-10T12:50:00+00:00,2011-08-10T12:51:00+00:00,BOTNET,NERIS_BOTNET,CTU-13 official documentation: Botnet-42 PCAP is botnet capture only
2011-08-10T12:51:00+00:00,2011-08-10T12:52:00+00:00,BOTNET,NERIS_BOTNET,CTU-13 official documentation: Botnet-42 PCAP is botnet capture only
2011-08-10T12:52:00+00:00,2011-08-10T12:53:00+00:00,BOTNET,NERIS_BOTNET,CTU-13 official documentation: Botnet-42 PCAP is botnet capture only
2011-08-10T12:53:00+00:00,2011-08-10T12:54:00+00:00,BOTNET,NERIS_BOTNET,CTU-13 official documentation: Botnet-42 PCAP is botnet capture only
2011-08-10T12:54:00+00:00,2011-08-10T12:55:00+00:00,BOTNET,NERIS_BOTNET,CTU-13 official documentation: Botnet-42 PCAP is botnet capture only
2011-08-10T12:55:00+00:00,2011-08-10T12:56:00+00:00,BOTNET,NERIS_BOTNET,CTU-13 official documentation: Botnet-42 PCAP is botnet capture only
2011-08-10T12:56:00+00:00,2011-08-10T12:57:00+00:00,BOTNET,NERIS_BOTNET,CTU-13 official documentation: Botnet-42 PCAP is botnet capture only
2011-08-10T12:57:00+00:00,2011-08-10T12:58:00+00:00,BOTNET,NERIS_BOTNET,CTU-13 official documentation: Botnet-42 PCAP is botnet capture only
2011-08-10T12:58:00+00:00,2011-08-10T12:59:00+00:00,BOTNET,NERIS_BOTNET,CTU-13 official documentation: Botnet-42 PCAP is botnet capture only
2011-08-10T12:59:00+00:00,2011-08-10T13:00:00+00:00,BOTNET,NERIS_BOTNET,CTU-13 official documentation: Botnet-42 PCAP is botnet capture only
2011-08-10T13:00:00+00:00,2011-08-10T13:01:00+00:00,BOTNET,NERIS_BOTNET,CTU-13 official documentation: Botnet-42 PCAP is botnet capture only
2011-08-10T13:01:00+00:00,2011-08-10T13:02:00+00:00,BOTNET,NERIS_BOTNET,CTU-13 official documentation: Botnet-42 PCAP is botnet capture only
2011-08-10T13:02:00+00:00,2011-08-10T13:03:00+00:00,BOTNET,NERIS_BOTNET,CTU-13 official documentation: Botnet-42 PCAP is botnet capture only
2011-08-10T13:03:00+00:00,2011-08-10T13:04:00+00:00,BOTNET,NERIS_BOTNET,CTU-13 official documentation: Botnet-42 PCAP is botnet capture only
2011-08-10T13:04:00+00:00,2011-08-10T13:05:00+00:00,BOTNET,NERIS_BOTNET,CTU-13 official documentation: Botnet-42 PCAP is botnet capture only
2011-08-10T13:05:00+00:00,2011-08-10T13:06:00+00:00,BOTNET,NERIS_BOTNET,CTU-13 official documentation: Botnet-42 PCAP is botnet capture only
2011-08-10T13:06:00+00:00,2011-08-10T13:07:00+00:00,BOTNET,NERIS_BOTNET,CTU-13 official documentation: Botnet-42 PCAP is botnet capture only
2011-08-10T13:07:00+00:00,2011-08-10T13:08:00+00:00,BOTNET,NERIS_BOTNET,CTU-13 official documentation: Botnet-42 PCAP is botnet capture only
2011-08-10T13:08:00+00:00,2011-08-10T13:09:00+00:00,BOTNET,NERIS_BOTNET,CTU-13 official documentation: Botnet-42 PCAP is botnet capture only
2011-08-10T13:09:00+00:00,2011-08-10T13:10:00+00:00,BOTNET,NERIS_BOTNET,CTU-13 official documentation: Botnet-42 PCAP is botnet capture only
2011-08-10T13:10:00+00:00,2011-08-10T13:11:00+00:00,BOTNET,NERIS_BOTNET,CTU-13 official documentation: Botnet-42 PCAP is botnet capture only
2011-08-10T13:11:00+00:00,2011-08-10T13:12:00+00:00,BOTNET,NERIS_BOTNET,CTU-13 official documentation: Botnet-42 PCAP is botnet capture only
2011-08-10T13:12:00+00:00,2011-08-10T13:13:00+00:00,BOTNET,NERIS_BOTNET,CTU-13 official documentation: Botnet-42 PCAP is botnet capture only
2011-08-10T13:13:00+00:00,2011-08-10T13:14:00+00:00,BOTNET,NERIS_BOTNET,CTU-13 official documentation: Botnet-42 PCAP is botnet capture only
2011-08-10T13:14:00+00:00,2011-08-10T13:15:00+00:00,BOTNET,NERIS_BOTNET,CTU-13 official documentation: Botnet-42 PCAP is botnet capture only
2011-08-10T13:15:00+00:00,2011-08-10T13:16:00+00:00,BOTNET,NERIS_BOTNET,CTU-13 official documentation: Botnet-42 PCAP is botnet capture only
2011-08-10T13:16:00+00:00,2011-08-10T13:17:00+00:00,BOTNET,NERIS_BOTNET,CTU-13 official documentation: Botnet-42 PCAP is botnet capture only
2011-08-10T13:17:00+00:00,2011-08-10T13:18:00+00:00,BOTNET,NERIS_BOTNET,CTU-13 official documentation: Botnet-42 PCAP is botnet capture only
2011-08-10T13:18:00+00:00,2011-08-10T13:19:00+00:00,BOTNET,NERIS_BOTNET,CTU-13 official documentation: Botnet-42 PCAP is botnet capture only
2011-08-10T13:19:00+00:00,2011-08-10T13:20:00+00:00,BOTNET,NERIS_BOTNET,CTU-13 official documentation: Botnet-42 PCAP is botnet capture only
2011-08-10T13:20:00+00:00,2011-08-10T13:21:00+00:00,BOTNET,NERIS_BOTNET,CTU-13 official documentation: Botnet-42 PCAP is botnet capture only
2011-08-10T13:21:00+00:00,2011-08-10T13:22:00+00:00,BOTNET,NERIS_BOTNET,CTU-13 official documentation: Botnet-42 PCAP is botnet capture only
2011-08-10T13:22:00+00:00,2011-08-10T13:23:00+00:00,BOTNET,NERIS_BOTNET,CTU-13 official documentation: Botnet-42 PCAP is botnet capture only
2011-08-10T13:23:00+00:00,2011-08-10T13:24:00+00:00,BOTNET,NERIS_BOTNET,CTU-13 official documentation: Botnet-42 PCAP is botnet capture only
2011-08-10T13:24:00+00:00,2011-08-10T13:25:00+00:00,BOTNET,NERIS_BOTNET,CTU-13 official documentation: Botnet-42 PCAP is botnet capture only
2011-08-10T13:25:00+00:00,2011-08-10T13:26:00+00:00,BOTNET,NERIS_BOTNET,CTU-13 official documentation: Botnet-42 PCAP is botnet capture only
2011-08-10T13:26:00+00:00,2011-08-10T13:27:00+00:00,BOTNET,NERIS_BOTNET,CTU-13 official documentation: Botnet-42 PCAP is botnet capture only
2011-08-10T13:27:00+00:00,2011-08-10T13:28:00+00:00,BOTNET,NERIS_BOTNET,CTU-13 official documentation: Botnet-42 PCAP is botnet capture only
2011-08-10T13:28:00+00:00,2011-08-10T13:29:00+00:00,BOTNET,NERIS_BOTNET,CTU-13 official documentation: Botnet-42 PCAP is botnet capture only
2011-08-10T13:29:00+00:00,2011-08-10T13:30:00+00:00,BOTNET,NERIS_BOTNET,CTU-13 official documentation: Botnet-42 PCAP is botnet capture only
2011-08-10T13:30:00+00:00,2011-08-10T13:31:00+00:00,BOTNET,NERIS_BOTNET,CTU-13 official documentation: Botnet-42 PCAP is botnet capture only
2011-08-10T13:31:00+00:00,2011-08-10T13:32:00+00:00,BOTNET,NERIS_BOTNET,CTU-13 official documentation: Botnet-42 PCAP is botnet capture only
2011-08-10T13:32:00+00:00,2011-08-10T13:33:00+00:00,BOTNET,NERIS_BOTNET,CTU-13 official documentation: Botnet-42 PCAP is botnet capture only
2011-08-10T13:33:00+00:00,2011-08-10T13:34:00+00:00,BOTNET,NERIS_BOTNET,CTU-13 official documentation: Botnet-42 PCAP is botnet capture only
2011-08-10T13:34:00+00:00,2011-08-10T13:35:00+00:00,BOTNET,NERIS_BOTNET,CTU-13 official documentation: Botnet-42 PCAP is botnet capture only
2011-08-10T13:35:00+00:00,2011-08-10T13:36:00+00:00,BOTNET,NERIS_BOTNET,CTU-13 official documentation: Botnet-42 PCAP is botnet capture only
2011-08-10T13:36:00+00:00,2011-08-10T13:37:00+00:00,BOTNET,NERIS_BOTNET,CTU-13 official documentation: Botnet-42 PCAP is botnet capture only
2011-08-10T13:37:00+00:00,2011-08-10T13:38:00+00:00,BOTNET,NERIS_BOTNET,CTU-13 official documentation: Botnet-42 PCAP is botnet capture only
2011-08-10T13:38:00+00:00,2011-08-10T13:39:00+00:00,BOTNET,NERIS_BOTNET,CTU-13 official documentation: Botnet-42 PCAP is botnet capture only
2011-08-10T13:39:00+00:00,2011-08-10T13:40:00+00:00,BOTNET,NERIS_BOTNET,CTU-13 official documentation: Botnet-42 PCAP is botnet capture only
2011-08-10T13:40:00+00:00,2011-08-10T13:41:00+00:00,BOTNET,NERIS_BOTNET,CTU-13 official documentation: Botnet-42 PCAP is botnet capture only
2011-08-10T13:41:00+00:00,2011-08-10T13:42:00+00:00,BOTNET,NERIS_BOTNET,CTU-13 official documentation: Botnet-42 PCAP is botnet capture only
2011-08-10T13:42:00+00:00,2011-08-10T13:43:00+00:00,BOTNET,NERIS_BOTNET,CTU-13 official documentation: Botnet-42 PCAP is botnet capture only
2011-08-10T13:43:00+00:00,2011-08-10T13:44:00+00:00,BOTNET,NERIS_BOTNET,CTU-13 official documentation: Botnet-42 PCAP is botnet capture only
2011-08-10T13:44:00+00:00,2011-08-10T13:45:00+00:00,BOTNET,NERIS_BOTNET,CTU-13 official documentation: Botnet-42 PCAP is botnet capture only
2011-08-10T13:45:00+00:00,2011-08-10T13:46:00+00:00,BOTNET,NERIS_BOTNET,CTU-13 official documentation: Botnet-42 PCAP is botnet capture only
2011-08-10T13:46:00+00:00,2011-08-10T13:47:00+00:00,BOTNET,NERIS_BOTNET,CTU-13 official documentation: Botnet-42 PCAP is botnet capture only
2011-08-10T13:47:00+00:00,2011-08-10T13:48:00+00:00,BOTNET,NERIS_BOTNET,CTU-13 official documentation: Botnet-42 PCAP is botnet capture only
2011-08-10T13:48:00+00:00,2011-08-10T13:49:00+00:00,BOTNET,NERIS_BOTNET,CTU-13 official documentation: Botnet-42 PCAP is botnet capture only
2011-08-10T13:49:00+00:00,2011-08-10T13:50:00+00:00,BOTNET,NERIS_BOTNET,CTU-13 official documentation: Botnet-42 PCAP is botnet capture only
