model,split,seconds,state_variable,mae,rmse,r2
Persistence,validation,0.006543636322021484,number_of_flows,757.8152866242038,1081.2816557716496,0.818509956983308
Persistence,validation,0.006543636322021484,total_packets,72579.1719745223,158503.11852725878,-0.3333662726692015
Persistence,validation,0.006543636322021484,total_bytes,71337495.81528662,173164220.49296165,-0.5994500688872915
Persistence,validation,0.006543636322021484,mean_flow_duration,2397162.1481230245,3657588.0924469144,0.7042736998540573
Persistence,validation,0.006543636322021484,mean_flow_pkts_s,10754.833594564432,18033.970789973435,-0.5014076536776548
Persistence,validation,0.006543636322021484,mean_flow_byts_s,101254.78156204664,152218.77552457285,-0.47422631667219495
Persistence,validation,0.006543636322021484,mean_flow_iat_mean,1122896.062662068,1846433.9767143563,0.10032769852669421
Persistence,validation,0.006543636322021484,mean_flow_iat_std,247896.77307572644,372722.3688921496,-0.602799530400683
Persistence,validation,0.006543636322021484,mean_syn_flag_cnt,0.018876149102549627,0.03214120412793172,-0.5949116213058956
Persistence,validation,0.006543636322021484,mean_ack_flag_cnt,0.058025827984383486,0.09185028267113433,-0.39806718947558695
Persistence,validation,0.006543636322021484,mean_rst_flag_cnt,0.04923522591451232,0.0731921393140621,-0.15185001992232894
Persistence,validation,0.006543636322021484,mean_down_up_ratio,0.08412019796911632,0.13067910586683298,-0.4480341219590904
Persistence,test,0.012552976608276367,number_of_flows,630.9125,914.2655522330479,0.8808627598416654
Persistence,test,0.012552976608276367,total_packets,47192.15,109749.21827443692,-0.27257923826592245
Persistence,test,0.012552976608276367,total_bytes,42721926.375,104633830.45688957,-0.41088133818621775
Persistence,test,0.012552976608276367,mean_flow_duration,1981625.7800206388,3068339.1638793447,0.6536512992564236
Persistence,test,0.012552976608276367,mean_flow_pkts_s,7328.673359302072,12010.026396693167,-0.7299551997237979
Persistence,test,0.012552976608276367,mean_flow_byts_s,74108.21122748502,113017.289637905,-0.9396204929890759
Persistence,test,0.012552976608276367,mean_flow_iat_mean,657958.656411879,1065816.3410702127,0.3385006451486249
Persistence,test,0.012552976608276367,mean_flow_iat_std,185637.7323785348,287751.94727159955,-1.0307303482277819
Persistence,test,0.012552976608276367,mean_syn_flag_cnt,0.012859274560727163,0.02145094565149709,-0.9331887007598318
Persistence,test,0.012552976608276367,mean_ack_flag_cnt,0.04866045795133339,0.07441847210542922,-0.6252388575316437
Persistence,test,0.012552976608276367,mean_rst_flag_cnt,0.052157919759762986,0.08143297718556325,-0.5227603910148511
Persistence,test,0.012552976608276367,mean_down_up_ratio,0.05851900733645902,0.09045084790310405,-0.5416505510496756
LinearRegression,validation,0.01855635643005371,number_of_flows,808.6975520144441,1126.645397222359,0.802962165031391
LinearRegression,validation,0.01855635643005371,total_packets,64453.2361349032,117664.41405790315,0.26520851353697117
LinearRegression,validation,0.01855635643005371,total_bytes,61452268.595465474,123646490.45480698,0.18451129444982084
LinearRegression,validation,0.01855635643005371,mean_flow_duration,2053740.1172932512,3136452.0112140286,0.7825408659487609
LinearRegression,validation,0.01855635643005371,mean_flow_pkts_s,6314.775434796589,10163.951802897316,0.5230848754437375
LinearRegression,validation,0.01855635643005371,mean_flow_byts_s,64981.812872375536,106578.52802318287,0.2772848694244354
LinearRegression,validation,0.01855635643005371,mean_flow_iat_mean,1136777.9702704893,1725882.153810322,0.2139701124489677
LinearRegression,validation,0.01855635643005371,mean_flow_iat_std,196280.37475398136,296591.109072575,-0.014903025590978558
LinearRegression,validation,0.01855635643005371,mean_syn_flag_cnt,0.011071276732415402,0.018196521170810488,0.4888020887117793
LinearRegression,validation,0.01855635643005371,mean_ack_flag_cnt,0.04786077283810212,0.06679274661647691,0.2606915763923138
LinearRegression,validation,0.01855635643005371,mean_rst_flag_cnt,0.04251244312423893,0.06378201269966641,0.12529120944904226
LinearRegression,validation,0.01855635643005371,mean_down_up_ratio,0.21856827710612658,0.3455074121619839,-9.122347084326698
LinearRegression,test,0.024715185165405273,number_of_flows,656.3562341926206,938.1257240568249,0.8745632158103828
LinearRegression,test,0.024715185165405273,total_packets,49846.30563702489,83450.95879726628,0.26422568314486117
LinearRegression,test,0.024715185165405273,total_bytes,46129162.99268684,80037861.16840339,0.1744617707093371
LinearRegression,test,0.024715185165405273,mean_flow_duration,1527559.6742076715,2309521.7628263263,0.8037765288392152
LinearRegression,test,0.024715185165405273,mean_flow_pkts_s,4527.123805678037,6987.015102153111,0.4144954201391351
LinearRegression,test,0.024715185165405273,mean_flow_byts_s,51752.17579629765,80164.85284702004,0.024123213143111832
LinearRegression,test,0.024715185165405273,mean_flow_iat_mean,658923.5642704486,1000423.7409366061,0.41718240478550983
LinearRegression,test,0.024715185165405273,mean_flow_iat_std,139912.39269375912,220311.64490287387,-0.19039370814873435
LinearRegression,test,0.024715185165405273,mean_syn_flag_cnt,0.006633666610244594,0.01004584122062435,0.5760115926863301
LinearRegression,test,0.024715185165405273,mean_ack_flag_cnt,0.036041352081025595,0.053789632809035565,0.15091169716141184
LinearRegression,test,0.024715185165405273,mean_rst_flag_cnt,0.04410672832963987,0.06541389808744144,0.01741301803754891
LinearRegression,test,0.024715185165405273,mean_down_up_ratio,0.17018517518972134,0.24784810571760393,-10.57528960909736
RandomForest,validation,0.6052789688110352,number_of_flows,669.799127423697,948.7129261005254,0.8602844421967544
RandomForest,validation,0.6052789688110352,total_packets,65434.49771039619,131498.80813837674,0.08226461736049262
RandomForest,validation,0.6052789688110352,total_bytes,64159647.91291568,136685756.792084,0.003445887093421418
RandomForest,validation,0.6052789688110352,mean_flow_duration,1832048.92028783,2852249.0610655365,0.8201645724284763
RandomForest,validation,0.6052789688110352,mean_flow_pkts_s,6536.9720017576865,10933.607015990769,0.4481223303167152
RandomForest,validation,0.6052789688110352,mean_flow_byts_s,65075.11838583206,106850.1991048032,0.27359573910057655
RandomForest,validation,0.6052789688110352,mean_flow_iat_mean,1113154.4081727217,1811491.7113976832,0.13405664056524302
RandomForest,validation,0.6052789688110352,mean_flow_iat_std,189588.4020267418,287428.58690440294,0.04683472805547828
RandomForest,validation,0.6052789688110352,mean_syn_flag_cnt,0.011263423502211342,0.019773402367114976,0.39636398376525006
RandomForest,validation,0.6052789688110352,mean_ack_flag_cnt,0.04729926531295798,0.0681517052178913,0.23030174367309353
RandomForest,validation,0.6052789688110352,mean_rst_flag_cnt,0.04087270476963568,0.06336586119958032,0.13666820579734262
RandomForest,validation,0.6052789688110352,mean_down_up_ratio,0.09552914946782115,0.15369656337220788,-1.0030638861683534
RandomForest,test,0.6127903461456299,number_of_flows,2503.321204543029,4271.519721813995,-1.6005646432999527
RandomForest,test,0.6127903461456299,total_packets,68323.21061556402,108060.31883739619,-0.23371388267618376
RandomForest,test,0.6127903461456299,total_bytes,57478311.02575143,93593939.14709982,-0.12886417967791464
RandomForest,test,0.6127903461456299,mean_flow_duration,1452672.2211408888,2180594.7263178425,0.8250730391290367
RandomForest,test,0.6127903461456299,mean_flow_pkts_s,4400.891510366848,7551.483948794206,0.3160701800187363
RandomForest,test,0.6127903461456299,mean_flow_byts_s,51523.097560249575,79401.47489864969,0.04262049221366071
RandomForest,test,0.6127903461456299,mean_flow_iat_mean,727865.0400943469,1011705.049775149,0.4039639728287949
RandomForest,test,0.6127903461456299,mean_flow_iat_std,131505.57873339107,197149.8902353225,0.04674564978395057
RandomForest,test,0.6127903461456299,mean_syn_flag_cnt,0.007293927584439729,0.012015531112961905,0.39344902151245176
RandomForest,test,0.6127903461456299,mean_ack_flag_cnt,0.03435356415928672,0.05042534743288106,0.2538030025362287
RandomForest,test,0.6127903461456299,mean_rst_flag_cnt,0.041098943804476346,0.06117036202441488,0.1407628467599069
RandomForest,test,0.6127903461456299,mean_down_up_ratio,0.052956610387530134,0.08481602464016422,-0.35555294182928043
XGBoost,validation,2.9228971004486084,number_of_flows,645.9065427354947,971.2978573337474,0.853553163475236
XGBoost,validation,2.9228971004486084,total_packets,61521.8117971238,122607.9347833417,0.20216883409851438
XGBoost,validation,2.9228971004486084,total_bytes,54642518.719745226,115529294.43033068,0.28806785181761185
XGBoost,validation,2.9228971004486084,mean_flow_duration,1867632.4523784134,2852974.3594328836,0.8200731001038025
XGBoost,validation,2.9228971004486084,mean_flow_pkts_s,6148.515650964492,10091.551321852334,0.5298550581395077
XGBoost,validation,2.9228971004486084,mean_flow_byts_s,62460.537076425375,108348.8153391769,0.25307663369401134
XGBoost,validation,2.9228971004486084,mean_flow_iat_mean,1025923.9397016646,1678674.7730387887,0.25638196949879255
XGBoost,validation,2.9228971004486084,mean_flow_iat_std,178400.98359858704,279789.94309545716,0.09682378692440519
XGBoost,validation,2.9228971004486084,mean_syn_flag_cnt,0.010391148975812189,0.018529452307490382,0.4699247805145208
XGBoost,validation,2.9228971004486084,mean_ack_flag_cnt,0.04636259574159898,0.06610959079109119,0.2757375205049408
XGBoost,validation,2.9228971004486084,mean_rst_flag_cnt,0.04009396568479734,0.06118015266610928,0.19519963543205343
XGBoost,validation,2.9228971004486084,mean_down_up_ratio,0.10219309615038266,0.29707652753832753,-6.4834724657571785
XGBoost,test,2.944791793823242,number_of_flows,770.8881782531738,1190.6641243337692,0.7979395302410547
XGBoost,test,2.944791793823242,total_packets,63614.381231689455,111621.29556746589,-0.31636425412124813
XGBoost,test,2.944791793823242,total_bytes,52942592.440625,97430863.67603041,-0.2233179410604187
XGBoost,test,2.944791793823242,mean_flow_duration,1454129.0240130585,2205072.721408371,0.8211237550293331
XGBoost,test,2.944791793823242,mean_flow_pkts_s,4119.819408636531,6797.465929660095,0.44583255203162
XGBoost,test,2.944791793823242,mean_flow_byts_s,50744.54770400168,79457.1644424931,0.04127707321085605
XGBoost,test,2.944791793823242,mean_flow_iat_mean,634593.5931552794,921716.7382307859,0.5052798216947747
XGBoost,test,2.944791793823242,mean_flow_iat_std,134881.6744662703,205602.03465450017,-0.03674161838060819
XGBoost,test,2.944791793823242,mean_syn_flag_cnt,0.0067283187952535935,0.010335229094567557,0.5512323128949419
XGBoost,test,2.944791793823242,mean_ack_flag_cnt,0.034632527713947044,0.051689484567761006,0.21592049527188273
XGBoost,test,2.944791793823242,mean_rst_flag_cnt,0.042774937350258044,0.06230342012287253,0.10863675640233961
XGBoost,test,2.944791793823242,mean_down_up_ratio,0.15974151209496687,0.635509692814975,-75.10356745495842
