timestamp,window_end,dataset_source,packet_count,byte_count,unique_src_ips,unique_dst_ips,unique_src_ports,unique_dst_ports,tcp_packet_count,udp_packet_count,icmp_packet_count,mean_packet_size,std_packet_size,min_packet_size,max_packet_size,mean_inter_arrival_time,std_inter_arrival_time,syn_count,ack_count,rst_count,fin_count,psh_count,forward_packets,backward_packets,forward_bytes,backward_bytes,flow_duration_mean,binary_label,attack_type
2011-08-10T09:04:00+00:00,2011-08-10T09:05:00+00:00,CTU13_PCAP,71,9229,3,6,7,7,11,56,0,129.98591549295776,84.87447117929331,60,503,0.3504271302904401,0.8136045475771264,3,9,2,0,3,0,0,0,0,,UNKNOWN,UNKNOWN
2011-08-10T09:06:00+00:00,2011-08-10T09:07:00+00:00,CTU13_PCAP,788,416416,12,13,29,29,735,53,0,528.4467005076142,1021.701496361231,60,8814,0.047244819631419,0.2930131686624955,56,695,7,33,95,0,0,0,0,,UNKNOWN,UNKNOWN
2011-08-10T09:07:00+00:00,2011-08-10T09:08:00+00:00,CTU13_PCAP,604,218763,9,29,34,15,598,6,0,362.19039735099335,552.0176764138555,60,3126,0.0975012138708314,0.3568311398311867,145,457,4,14,46,0,0,0,0,,UNKNOWN,UNKNOWN
2011-08-10T09:08:00+00:00,2011-08-10T09:09:00+00:00,CTU13_PCAP,526,203147,8,24,34,18,520,6,0,386.2110266159696,629.4532354511005,60,2798,0.1124545615059988,0.5866678097419674,133,394,9,24,40,0,0,0,0,,UNKNOWN,UNKNOWN
2011-08-10T09:09:00+00:00,2011-08-10T09:10:00+00:00,CTU13_PCAP,697,319270,15,24,39,31,628,69,0,458.0631276901004,783.4943810151586,60,4623,0.0847482400378961,0.3836089211554733,69,569,8,16,51,0,0,0,0,,UNKNOWN,UNKNOWN
2011-08-10T09:10:00+00:00,2011-08-10T09:11:00+00:00,CTU13_PCAP,580,118497,25,31,48,43,527,53,0,204.30517241379312,346.3908868965382,60,2283,0.1011811348646621,0.4099610824916186,125,426,33,50,123,0,0,0,0,,UNKNOWN,UNKNOWN
2011-08-10T09:11:00+00:00,2011-08-10T09:12:00+00:00,CTU13_PCAP,214,52803,12,21,33,25,198,16,0,246.7429906542056,763.3639425022321,60,5894,0.2736952439160414,0.7498105962899417,68,133,28,10,27,0,0,0,0,,UNKNOWN,UNKNOWN
2011-08-10T09:12:00+00:00,2011-08-10T09:13:00+00:00,CTU13_PCAP,168,11624,13,21,32,24,161,5,2,69.19047619047619,37.50776941434813,60,315,0.349862963853482,0.8007713177586524,80,86,12,18,18,0,0,0,0,,UNKNOWN,UNKNOWN
2011-08-10T09:13:00+00:00,2011-08-10T09:14:00+00:00,CTU13_PCAP,856,468311,10,17,33,26,833,23,0,547.0922897196261,990.761629826677,60,7354,0.0659433392753378,0.3844176124384391,65,718,70,31,140,0,0,0,0,,UNKNOWN,UNKNOWN
2011-08-10T09:14:00+00:00,2011-08-10T09:15:00+00:00,CTU13_PCAP,420,31408,11,36,54,22,401,19,0,74.78095238095239,51.30357472969453,60,340,0.1386471170229672,0.3129769654145392,166,240,5,30,86,0,0,0,0,,UNKNOWN,UNKNOWN
2011-08-10T09:15:00+00:00,2011-08-10T09:16:00+00:00,CTU13_PCAP,502,43445,13,41,65,24,492,10,0,86.54382470119522,156.80146134076287,60,2950,0.1161353155048545,0.2749071454436904,195,299,13,21,136,0,0,0,0,,UNKNOWN,UNKNOWN
2011-08-10T09:16:00+00:00,2011-08-10T09:17:00+00:00,CTU13_PCAP,454,31342,12,40,64,22,451,2,1,69.0352422907489,35.237627444776834,60,359,0.1319784944420618,0.2839361733223178,200,255,17,29,83,0,0,0,0,,UNKNOWN,UNKNOWN
2011-08-10T09:17:00+00:00,2011-08-10T09:18:00+00:00,CTU13_PCAP,585,43117,12,44,74,22,574,11,0,73.7042735042735,76.0149764744016,60,961,0.1016475615436083,0.2312682109020123,265,312,9,13,133,0,0,0,0,,UNKNOWN,UNKNOWN
2011-08-10T09:18:00+00:00,2011-08-10T09:19:00+00:00,CTU13_PCAP,814,159364,14,44,69,29,804,10,0,195.7788697788698,511.1084598549822,60,4434,0.0724282865887931,0.1695580049824606,253,506,68,23,178,0,0,0,0,,UNKNOWN,UNKNOWN
2011-08-10T09:19:00+00:00,2011-08-10T09:20:00+00:00,CTU13_PCAP,547,36069,10,40,73,25,536,11,0,65.93967093235831,30.27023351116434,60,412,0.1060127456546266,0.2339079218284064,276,265,11,18,86,0,0,0,0,,UNKNOWN,UNKNOWN
2011-08-10T09:20:00+00:00,2011-08-10T09:21:00+00:00,CTU13_PCAP,651,53425,10,40,66,23,641,10,0,82.06605222734255,155.10148384680642,60,2974,0.0914371384107149,0.2134886281449125,248,397,7,19,157,0,0,0,0,,UNKNOWN,UNKNOWN
2011-08-10T09:21:00+00:00,2011-08-10T09:22:00+00:00,CTU13_PCAP,680,59307,12,40,70,27,672,8,0,87.21617647058824,160.22588476924227,60,1819,0.0879659456076081,0.1978689291642343,268,406,16,16,151,0,0,0,0,,UNKNOWN,UNKNOWN
2011-08-10T09:22:00+00:00,2011-08-10T09:23:00+00:00,CTU13_PCAP,670,114337,13,41,72,30,663,7,0,170.65223880597014,439.3469848445562,60,2974,0.0895536159720656,0.1925056283456689,246,386,51,30,122,0,0,0,0,,UNKNOWN,UNKNOWN
2011-08-10T09:23:00+00:00,2011-08-10T09:24:00+00:00,CTU13_PCAP,635,49642,11,44,78,26,615,20,0,78.1763779527559,86.85147286970256,60,1065,0.0944573721299036,0.2181477023881463,279,341,7,17,137,0,0,0,0,,UNKNOWN,UNKNOWN
2011-08-10T09:24:00+00:00,2011-08-10T09:25:00+00:00,CTU13_PCAP,565,36286,9,39,72,19,563,2,0,64.22300884955752,31.912876444818043,60,613,0.1038836701541927,0.2265810876717383,304,259,23,16,77,0,0,0,0,,UNKNOWN,UNKNOWN
2011-08-10T09:25:00+00:00,2011-08-10T09:26:00+00:00,CTU13_PCAP,1669,749589,25,52,94,44,1634,35,0,449.1246255242661,803.3141948657403,60,5894,0.0358548015713405,0.1090537047934226,355,1304,23,45,313,0,0,0,0,,UNKNOWN,UNKNOWN
2011-08-10T09:26:00+00:00,2011-08-10T09:27:00+00:00,CTU13_PCAP,1919,980276,40,67,91,34,1728,187,4,510.8264721208963,942.82536019708,60,5894,0.031211781054269,0.098587795190847,304,1434,9,16,161,0,0,0,0,,UNKNOWN,UNKNOWN
2011-08-10T09:27:00+00:00,2011-08-10T09:28:00+00:00,CTU13_PCAP,1786,918855,15,40,77,35,1763,23,0,514.476483762598,835.344431283215,60,7354,0.0335248263276257,0.0952784541506488,278,1490,25,32,249,0,0,0,0,,UNKNOWN,UNKNOWN
2011-08-10T09:28:00+00:00,2011-08-10T09:29:00+00:00,CTU13_PCAP,772,73555,16,42,74,34,752,20,0,95.27849740932642,174.28288720008973,60,1819,0.0767639326523559,0.2125749053941967,284,480,16,25,175,0,0,0,0,,UNKNOWN,UNKNOWN
2011-08-10T09:29:00+00:00,2011-08-10T09:30:00+00:00,CTU13_PCAP,717,62617,15,40,75,32,703,14,0,87.33193863319386,156.49446454046404,60,1819,0.0821230504765856,0.2012464555097455,279,431,6,33,154,0,0,0,0,,UNKNOWN,UNKNOWN
2011-08-10T09:30:00+00:00,2011-08-10T09:31:00+00:00,CTU13_PCAP,1941,1150812,16,41,81,37,1916,25,0,592.8964451313756,855.2780098178824,60,8814,0.0303532613921411,0.0943497865583943,306,1628,10,35,345,0,0,0,0,,UNKNOWN,UNKNOWN
2011-08-10T09:31:00+00:00,2011-08-10T09:32:00+00:00,CTU13_PCAP,1475,655534,25,51,96,47,1424,51,0,444.4298305084746,751.5002727820507,60,8814,0.0399761647996941,0.1447800476784086,356,1086,13,45,290,0,0,0,0,,UNKNOWN,UNKNOWN
2011-08-10T09:32:00+00:00,2011-08-10T09:33:00+00:00,CTU13_PCAP,1600,831371,16,51,93,38,1598,2,0,519.606875,930.3709884114692,60,8814,0.0373536821750643,0.1211592972937024,298,1314,14,34,314,0,0,0,0,,UNKNOWN,UNKNOWN
2011-08-10T09:33:00+00:00,2011-08-10T09:34:00+00:00,CTU13_PCAP,2409,1342728,19,47,94,46,2395,14,0,557.3798256537982,804.7489447241746,60,7354,0.0248930727524614,0.0608543108106126,300,2109,18,48,506,0,0,0,0,,UNKNOWN,UNKNOWN
2011-08-10T09:34:00+00:00,2011-08-10T09:35:00+00:00,CTU13_PCAP,1553,597837,19,45,77,38,1531,20,2,384.9562137797811,693.0570459301437,60,7354,0.0385240849453149,0.0884014998858988,247,1299,10,38,331,0,0,0,0,,UNKNOWN,UNKNOWN
2011-08-10T09:35:00+00:00,2011-08-10T09:36:00+00:00,CTU13_PCAP,1553,628860,20,45,79,40,1535,17,1,404.932388924662,713.0000184689077,60,5894,0.0385541178516505,0.0896402310721795,273,1275,21,30,319,0,0,0,0,,UNKNOWN,UNKNOWN
2011-08-10T09:36:00+00:00,2011-08-10T09:37:00+00:00,CTU13_PCAP,838,91557,13,41,67,31,833,5,0,109.2565632458234,254.24380327211492,60,2974,0.071255963050906,0.1465361631792146,222,619,4,24,212,0,0,0,0,,UNKNOWN,UNKNOWN
2011-08-10T09:37:00+00:00,2011-08-10T09:38:00+00:00,CTU13_PCAP,1079,99087,17,45,79,35,1060,19,0,91.83225208526412,270.10744204488856,60,7354,0.0556228636368307,0.1071778608831344,283,792,8,28,272,0,0,0,0,,UNKNOWN,UNKNOWN
2011-08-10T09:38:00+00:00,2011-08-10T09:39:00+00:00,CTU13_PCAP,931,86525,19,47,85,39,907,22,2,92.93770139634802,169.78387850213488,60,1819,0.064105531220795,0.1287815183632355,298,621,12,36,204,0,0,0,0,,UNKNOWN,UNKNOWN
2011-08-10T09:39:00+00:00,2011-08-10T09:40:00+00:00,CTU13_PCAP,730,59155,12,39,67,27,718,12,0,81.03424657534246,149.04939947784536,60,1819,0.0821486598670237,0.1661624809546131,225,494,12,12,160,0,0,0,0,,UNKNOWN,UNKNOWN
2011-08-10T09:40:00+00:00,2011-08-10T09:41:00+00:00,CTU13_PCAP,1756,714163,23,50,83,44,1733,21,2,406.6987471526196,737.7146811731999,60,8814,0.0341555190561843,0.0842593140238828,283,1471,19,46,392,0,0,0,0,,UNKNOWN,UNKNOWN
2011-08-10T09:41:00+00:00,2011-08-10T09:42:00+00:00,CTU13_PCAP,1567,364405,29,57,106,54,1516,50,1,232.5494575622208,568.0944794088434,60,5894,0.037892440574227,0.1079326946310336,367,1114,82,57,337,0,0,0,0,,UNKNOWN,UNKNOWN
2011-08-10T09:42:00+00:00,2011-08-10T09:43:00+00:00,CTU13_PCAP,713,54926,12,38,66,24,705,5,3,77.0350631136045,137.77630976895634,60,1819,0.0835862122894672,0.1511156968011195,234,475,8,12,158,0,0,0,0,,UNKNOWN,UNKNOWN
2011-08-10T09:43:00+00:00,2011-08-10T09:44:00+00:00,CTU13_PCAP,748,92100,13,37,64,27,743,2,3,123.1283422459893,263.43497528244933,60,1819,0.0801909439056274,0.1858157495182819,240,507,10,21,169,0,0,0,0,,UNKNOWN,UNKNOWN
2011-08-10T09:44:00+00:00,2011-08-10T09:45:00+00:00,CTU13_PCAP,459,30684,12,40,58,23,452,5,2,66.84967320261438,36.47252905558096,60,412,0.1307748884092772,0.2709076894937329,210,246,3,11,83,0,0,0,0,,UNKNOWN,UNKNOWN
2011-08-10T09:45:00+00:00,2011-08-10T09:46:00+00:00,CTU13_PCAP,881,130569,19,44,79,39,858,23,0,148.20544835414302,280.1099342599437,60,1819,0.0669145543466914,0.1696095294176959,272,601,15,26,219,0,0,0,0,,UNKNOWN,UNKNOWN
2011-08-10T09:46:00+00:00,2011-08-10T09:47:00+00:00,CTU13_PCAP,1231,566071,22,50,77,40,1189,41,1,459.8464662875711,775.9530718839562,60,7354,0.0485140315885466,0.147535538475446,243,928,54,23,231,0,0,0,0,,UNKNOWN,UNKNOWN
2011-08-10T09:47:00+00:00,2011-08-10T09:48:00+00:00,CTU13_PCAP,931,203160,19,49,79,41,918,13,0,218.2169709989259,600.7452676979668,60,7354,0.0644257571107597,0.1568563553384192,253,679,20,32,173,0,0,0,0,,UNKNOWN,UNKNOWN
2011-08-10T09:48:00+00:00,2011-08-10T09:49:00+00:00,CTU13_PCAP,765,61770,13,42,66,27,751,14,0,80.74509803921569,116.40244193762722,60,1514,0.0783156580949953,0.1508306457917178,239,518,12,18,162,0,0,0,0,,UNKNOWN,UNKNOWN
2011-08-10T09:49:00+00:00,2011-08-10T09:50:00+00:00,CTU13_PCAP,925,69955,12,39,70,29,917,8,0,75.62702702702703,104.6862200814664,60,1819,0.06480655087021,0.1472305349290995,251,673,2,20,264,0,0,0,0,,UNKNOWN,UNKNOWN
2011-08-10T09:50:00+00:00,2011-08-10T09:51:00+00:00,CTU13_PCAP,956,122788,19,47,81,37,938,16,2,128.43933054393307,264.38227418832594,60,1819,0.0627755884100629,0.1435674745935218,278,676,12,31,200,0,0,0,0,,UNKNOWN,UNKNOWN
2011-08-10T09:51:00+00:00,2011-08-10T09:52:00+00:00,CTU13_PCAP,956,144755,15,39,74,33,942,14,0,151.4173640167364,565.6702216456598,60,8907,0.0628049803029804,0.1261593583454167,264,688,24,20,201,0,0,0,0,,UNKNOWN,UNKNOWN
2011-08-10T09:52:00+00:00,2011-08-10T09:53:00+00:00,CTU13_PCAP,903,114360,18,44,76,37,883,20,0,126.64451827242524,438.5138938443517,60,7354,0.0661255686880479,0.1407827081864166,251,647,15,34,185,0,0,0,0,,UNKNOWN,UNKNOWN
2011-08-10T09:53:00+00:00,2011-08-10T09:54:00+00:00,CTU13_PCAP,891,122614,18,42,75,32,879,11,1,137.6139169472503,398.4411166567555,60,4434,0.0668858404909626,0.1411022104130432,237,618,44,10,235,0,0,0,0,,UNKNOWN,UNKNOWN
2011-08-10T09:54:00+00:00,2011-08-10T09:55:00+00:00,CTU13_PCAP,1832,1054090,11,38,64,23,1826,2,4,575.3766375545852,839.1540175266111,60,7354,0.0323622752772466,0.0811001579279428,240,1592,5,18,371,0,0,0,0,,UNKNOWN,UNKNOWN
2011-08-10T09:55:00+00:00,2011-08-10T09:56:00+00:00,CTU13_PCAP,1344,601484,17,43,76,33,1328,16,0,447.5327380952381,806.2011634154982,60,5894,0.0445548556051588,0.1173596021887789,277,1061,10,16,268,1,2,74,120,2892.0871579647064,NORMAL,NORMAL
2011-08-10T09:56:00+00:00,2011-08-10T09:57:00+00:00,CTU13_PCAP,873,85896,16,45,84,33,856,17,0,98.3917525773196,338.8539948207454,60,8907,0.0685393350933669,0.1722115561771382,306,561,13,17,204,1,2,74,120,2892.0871579647064,NORMAL,NORMAL
2011-08-10T09:57:00+00:00,2011-08-10T09:58:00+00:00,CTU13_PCAP,703,64024,16,44,77,37,677,26,0,91.07254623044096,144.26713456933047,60,1514,0.0848815526038493,0.181348864936498,249,437,31,20,127,2,4,148,240,1910.958587527275,NORMAL,NORMAL
2011-08-10T09:58:00+00:00,2011-08-10T09:59:00+00:00,CTU13_PCAP,662,41822,11,37,64,24,657,2,3,63.17522658610272,17.743969390248413,60,315,0.0902963568331073,0.1645131797538007,225,433,14,6,148,1,2,74,120,929.8300170898438,NORMAL,NORMAL
2011-08-10T09:59:00+00:00,2011-08-10T10:00:00+00:00,CTU13_PCAP,770,47512,7,35,58,14,768,2,0,61.703896103896106,3.4951707521390416,60,87,0.0779953681911076,0.140677483527272,224,544,6,0,182,0,0,0,0,,UNKNOWN,UNKNOWN
2011-08-10T10:00:00+00:00,2011-08-10T10:01:00+00:00,CTU13_PCAP,881,99028,13,43,68,25,867,14,0,112.40408626560726,236.33765487447357,60,1506,0.0679409170692617,0.1243772153198553,230,637,15,7,204,0,0,0,0,,UNKNOWN,UNKNOWN
2011-08-10T10:01:00+00:00,2011-08-10T10:02:00+00:00,CTU13_PCAP,1258,576393,21,46,77,40,1217,41,0,458.18203497615264,799.2473055422373,60,8814,0.0476010900313833,0.155816070724111,257,973,15,19,264,0,0,0,0,,UNKNOWN,UNKNOWN
2011-08-10T10:02:00+00:00,2011-08-10T10:03:00+00:00,CTU13_PCAP,855,105118,16,43,80,31,826,17,12,122.94502923976609,311.6403655594888,60,2974,0.0699125997355726,0.1615882007853253,284,526,29,17,201,0,0,0,0,,UNKNOWN,UNKNOWN
2011-08-10T10:03:00+00:00,2011-08-10T10:04:00+00:00,CTU13_PCAP,900,69410,14,42,68,27,874,26,0,77.12222222222222,105.95329450887286,60,1514,0.0665620054896336,0.1083574341861707,223,658,4,11,215,0,0,0,0,,UNKNOWN,UNKNOWN
2011-08-10T10:04:00+00:00,2011-08-10T10:05:00+00:00,CTU13_PCAP,868,61419,13,44,75,25,850,18,0,70.75921658986175,71.640026562236,60,1514,0.0690435906732508,0.1150311899370346,270,585,10,10,197,0,0,0,0,,UNKNOWN,UNKNOWN
2011-08-10T10:05:00+00:00,2011-08-10T10:06:00+00:00,CTU13_PCAP,832,56831,10,35,69,19,827,5,0,68.30649038461539,60.849147931821975,60,1384,0.0707381130269001,0.1386478806956742,314,518,9,1,176,0,0,0,0,,UNKNOWN,UNKNOWN
2011-08-10T10:06:00+00:00,2011-08-10T10:07:00+00:00,CTU13_PCAP,851,63094,14,40,79,25,846,5,0,74.14101057579319,128.97272449934394,60,2974,0.0691938116971184,0.1415737459368063,356,496,10,3,170,0,0,0,0,,UNKNOWN,UNKNOWN
2011-08-10T10:07:00+00:00,2011-08-10T10:08:00+00:00,CTU13_PCAP,797,55544,9,36,62,22,792,5,0,69.69134253450439,63.73982631211021,60,957,0.0739757185006261,0.1488928581118953,246,549,3,6,213,0,0,0,0,,UNKNOWN,UNKNOWN
2011-08-10T10:08:00+00:00,2011-08-10T10:09:00+00:00,CTU13_PCAP,674,42357,11,36,58,19,671,2,1,62.84421364985163,17.27928393949738,60,315,0.0890000830079258,0.172414130516037,239,433,8,3,149,0,0,0,0,,UNKNOWN,UNKNOWN
2011-08-10T10:09:00+00:00,2011-08-10T10:10:00+00:00,CTU13_PCAP,724,71075,12,42,72,27,713,11,0,98.16988950276244,418.5491451232617,60,7354,0.0828720458150734,0.1757088171540992,235,480,13,6,147,1,2,74,120,2892.0871579647064,NORMAL,NORMAL
2011-08-10T10:10:00+00:00,2011-08-10T10:11:00+00:00,CTU13_PCAP,1065,214702,18,46,72,32,1036,29,0,201.5981220657277,458.9472869546634,60,4434,0.0556609491656597,0.1177282533143585,253,794,12,23,214,0,0,0,0,,UNKNOWN,UNKNOWN
2011-08-10T10:11:00+00:00,2011-08-10T10:12:00+00:00,CTU13_PCAP,808,74303,17,42,66,30,765,41,2,91.9591584158416,164.65430953606008,60,2974,0.0742065971521049,0.147802810663937,231,543,13,16,176,0,0,0,0,,UNKNOWN,UNKNOWN
2011-08-10T10:12:00+00:00,2011-08-10T10:13:00+00:00,CTU13_PCAP,691,43576,12,38,71,26,689,2,0,63.06222865412446,17.10562758795533,60,283,0.0862104536830515,0.1641408413058559,268,424,11,6,142,1,2,74,120,2892.0871579647064,NORMAL,NORMAL
2011-08-10T10:13:00+00:00,2011-08-10T10:14:00+00:00,CTU13_PCAP,696,45798,11,36,65,22,691,5,0,65.80172413793103,37.1601968093874,60,449,0.0859516490277626,0.1776768959411961,242,454,9,6,147,1,2,74,120,2892.0871579647064,NORMAL,NORMAL
2011-08-10T10:14:00+00:00,2011-08-10T10:15:00+00:00,CTU13_PCAP,753,49031,15,42,73,30,744,9,0,65.11420982735724,27.507289338273686,60,334,0.0796503126621246,0.1411141575415855,262,485,17,6,162,0,0,0,0,,UNKNOWN,UNKNOWN
2011-08-10T10:15:00+00:00,2011-08-10T10:16:00+00:00,CTU13_PCAP,1490,619217,21,50,83,40,1473,17,0,415.58187919463086,789.0490353638038,60,5894,0.0402191887772907,0.0974416198251052,278,1209,20,29,306,0,0,0,0,,UNKNOWN,UNKNOWN
2011-08-10T10:16:00+00:00,2011-08-10T10:17:00+00:00,CTU13_PCAP,713,53088,10,38,69,20,706,7,0,74.45722300140253,139.63908068503017,60,2974,0.0838818637172827,0.1603337434323333,281,428,7,3,146,0,0,0,0,,UNKNOWN,UNKNOWN
2011-08-10T10:17:00+00:00,2011-08-10T10:18:00+00:00,CTU13_PCAP,897,102760,16,41,77,31,883,14,0,114.55964325529544,432.32352591325247,60,5894,0.0668730581445353,0.1234565353313188,282,611,15,17,182,0,0,0,0,,UNKNOWN,UNKNOWN
2011-08-10T10:18:00+00:00,2011-08-10T10:19:00+00:00,CTU13_PCAP,804,65804,13,42,75,25,787,17,0,81.8457711442786,119.05460344530891,60,1514,0.0742869154453871,0.1429467165800449,275,521,8,17,166,0,0,0,0,,UNKNOWN,UNKNOWN
2011-08-10T10:19:00+00:00,2011-08-10T10:20:00+00:00,CTU13_PCAP,707,44768,13,40,65,25,702,5,0,63.32107496463932,19.81363366936801,60,333,0.0844193683467573,0.166390754913422,236,468,9,3,156,0,0,0,0,,UNKNOWN,UNKNOWN
2011-08-10T10:20:00+00:00,2011-08-10T10:21:00+00:00,CTU13_PCAP,890,116651,13,41,67,29,873,17,0,131.0685393258427,292.9331074063162,60,4434,0.0671377785428436,0.1377053176162752,241,639,13,6,215,0,0,0,0,,UNKNOWN,UNKNOWN
2011-08-10T10:21:00+00:00,2011-08-10T10:22:00+00:00,CTU13_PCAP,802,63867,13,41,63,23,785,17,0,79.63466334164589,142.34725355258516,60,2974,0.0746089275112461,0.1469945238889276,249,541,9,7,177,0,0,0,0,,UNKNOWN,UNKNOWN
2011-08-10T10:22:00+00:00,2011-08-10T10:23:00+00:00,CTU13_PCAP,759,61764,10,40,59,23,752,7,0,81.37549407114625,339.81237942002804,60,8919,0.0787489486558456,0.1321712236850804,225,532,6,7,175,0,0,0,0,,UNKNOWN,UNKNOWN
2011-08-10T10:23:00+00:00,2011-08-10T10:24:00+00:00,CTU13_PCAP,849,73894,16,44,66,30,828,20,1,87.03651354534746,153.10301184387458,60,1819,0.0701959622356126,0.1371668934306704,238,600,14,22,185,0,0,0,0,,UNKNOWN,UNKNOWN
2011-08-10T10:24:00+00:00,2011-08-10T10:25:00+00:00,CTU13_PCAP,1029,334883,9,39,59,22,1025,2,2,325.44509232264335,688.1981912113018,60,4434,0.0583515076785699,0.1432958054041278,211,821,2,18,163,0,0,0,0,,UNKNOWN,UNKNOWN
2011-08-10T10:25:00+00:00,2011-08-10T10:26:00+00:00,CTU13_PCAP,900,117582,17,48,72,34,877,23,0,130.64666666666668,265.4339207159979,60,1819,0.066502698669179,0.1274042692647303,236,657,10,27,195,0,0,0,0,,UNKNOWN,UNKNOWN
2011-08-10T10:26:00+00:00,2011-08-10T10:27:00+00:00,CTU13_PCAP,630,43420,11,39,60,23,625,5,0,68.92063492063492,79.84622156376327,60,1819,0.0953432319653242,0.1818158991049194,212,417,3,12,139,0,0,0,0,,UNKNOWN,UNKNOWN
2011-08-10T10:27:00+00:00,2011-08-10T10:28:00+00:00,CTU13_PCAP,760,88906,16,45,64,30,742,16,2,116.98157894736842,384.42368988509975,60,7354,0.0788798746855362,0.152200437015697,226,526,13,15,164,0,0,0,0,,UNKNOWN,UNKNOWN
2011-08-10T10:28:00+00:00,2011-08-10T10:29:00+00:00,CTU13_PCAP,1188,560307,13,42,71,31,1185,2,1,471.6388888888889,858.3751985883723,60,5894,0.0503598609287997,0.126257418225558,239,951,10,15,241,1,2,74,120,2892.0871579647064,NORMAL,NORMAL
2011-08-10T10:29:00+00:00,2011-08-10T10:30:00+00:00,CTU13_PCAP,1575,175559,137,167,65,26,661,910,4,111.46603174603176,239.10851084239732,60,5894,0.0380473132357664,0.1123944472722914,210,455,3,19,137,0,0,0,0,,UNKNOWN,UNKNOWN
2011-08-10T10:30:00+00:00,2011-08-10T10:31:00+00:00,CTU13_PCAP,912,131360,30,63,67,34,814,98,0,144.03508771929825,322.749415448519,60,2974,0.0658299899389139,0.1330730649014038,225,592,20,24,181,0,0,0,0,,UNKNOWN,UNKNOWN
2011-08-10T10:31:00+00:00,2011-08-10T10:32:00+00:00,CTU13_PCAP,1879,240772,158,198,68,32,583,1291,5,128.1383714741884,296.89144673776644,60,8895,0.0317016629238352,0.109821321522965,218,375,7,20,109,0,0,0,0,,UNKNOWN,UNKNOWN
2011-08-10T10:32:00+00:00,2011-08-10T10:33:00+00:00,CTU13_PCAP,889,80723,41,77,68,29,622,267,0,90.80202474690664,150.07125850099138,60,2114,0.0674454988660039,0.1552228354324408,202,426,11,15,141,1,2,74,120,2892.0871579647064,NORMAL,NORMAL
2011-08-10T10:33:00+00:00,2011-08-10T10:34:00+00:00,CTU13_PCAP,1025,77861,23,53,66,32,890,134,1,75.9619512195122,107.20590407884949,60,1819,0.058549688430503,0.1038766197038458,217,678,13,18,221,0,0,0,0,,UNKNOWN,UNKNOWN
2011-08-10T10:34:00+00:00,2011-08-10T10:35:00+00:00,CTU13_PCAP,917,62153,14,44,62,27,799,115,3,67.77862595419847,65.4888176380184,60,1819,0.0652683843171232,0.1176300211490508,217,585,4,8,199,1,2,74,120,2892.0871579647064,NORMAL,NORMAL
2011-08-10T10:35:00+00:00,2011-08-10T10:36:00+00:00,CTU13_PCAP,1093,124164,23,52,66,30,952,137,4,113.5992680695334,253.09276797943065,60,3719,0.054396975389767,0.1088593466450399,244,718,4,21,221,0,0,0,0,,UNKNOWN,UNKNOWN
2011-08-10T10:36:00+00:00,2011-08-10T10:37:00+00:00,CTU13_PCAP,991,84817,16,43,69,34,885,105,1,85.58728557013119,166.2878681553742,60,2974,0.060450351599491,0.1003835948344734,236,653,10,11,219,0,0,0,0,,UNKNOWN,UNKNOWN
2011-08-10T10:37:00+00:00,2011-08-10T10:38:00+00:00,CTU13_PCAP,907,78392,18,52,67,29,860,44,3,86.42998897464167,225.96426795099336,60,4434,0.066080120488771,0.1142986159231926,208,660,12,21,207,0,0,0,0,,UNKNOWN,UNKNOWN
2011-08-10T10:38:00+00:00,2011-08-10T10:39:00+00:00,CTU13_PCAP,838,75778,30,63,66,30,741,97,0,90.4272076372315,145.72370241625757,60,1819,0.0715559893326662,0.1304891186572312,212,535,13,17,178,0,0,0,0,,UNKNOWN,UNKNOWN
2011-08-10T10:39:00+00:00,2011-08-10T10:40:00+00:00,CTU13_PCAP,778,58815,11,43,61,22,776,2,0,75.59768637532133,125.07241643133638,60,1819,0.0768161673036474,0.1381497789122001,219,561,6,14,184,0,0,0,0,,UNKNOWN,UNKNOWN
2011-08-10T10:40:00+00:00,2011-08-10T10:41:00+00:00,CTU13_PCAP,875,106042,10,45,74,25,862,13,0,121.19085714285714,262.0539423790609,60,1819,0.0685190491599949,0.1295404509616649,266,604,4,17,186,0,0,0,0,,UNKNOWN,UNKNOWN
2011-08-10T10:41:00+00:00,2011-08-10T10:42:00+00:00,CTU13_PCAP,932,82691,20,51,88,34,912,17,3,88.72424892703863,177.84414782088126,60,2974,0.0641417841394016,0.1304467329210106,301,621,13,20,196,1,2,74,120,2892.0871579647064,NORMAL,NORMAL
2011-08-10T10:42:00+00:00,2011-08-10T10:43:00+00:00,CTU13_PCAP,1040,207578,14,43,74,34,1018,22,0,199.5942307692308,525.2879913084533,60,5894,0.0575934415602477,0.1316245155904528,258,768,4,15,218,0,0,0,0,,UNKNOWN,UNKNOWN
2011-08-10T10:43:00+00:00,2011-08-10T10:44:00+00:00,CTU13_PCAP,1060,226709,11,40,72,28,1055,5,0,213.8764150943396,613.9552076421553,60,5894,0.0563213843236676,0.1312710259735166,262,789,24,23,217,0,0,0,0,,UNKNOWN,UNKNOWN
2011-08-10T10:44:00+00:00,2011-08-10T10:45:00+00:00,CTU13_PCAP,702,57579,10,39,61,25,697,5,0,82.02136752136752,183.69214568601967,60,2974,0.0844303095731857,0.1681060850540561,229,467,10,14,151,0,0,0,0,,UNKNOWN,UNKNOWN
2011-08-10T10:45:00+00:00,2011-08-10T10:46:00+00:00,CTU13_PCAP,790,74802,14,44,61,29,770,20,0,94.6860759493671,175.95050421269926,60,1819,0.0756961293093605,0.1501296600598707,222,554,10,15,178,0,0,0,0,,UNKNOWN,UNKNOWN
2011-08-10T10:46:00+00:00,2011-08-10T10:47:00+00:00,CTU13_PCAP,972,282120,11,44,63,26,970,2,0,290.24691358024694,737.4017467792069,60,8814,0.0613339065154966,0.1472181384184629,199,754,27,15,185,0,0,0,0,,UNKNOWN,UNKNOWN
2011-08-10T10:47:00+00:00,2011-08-10T10:48:00+00:00,CTU13_PCAP,738,56704,10,42,60,22,736,2,0,76.83468834688347,135.58808890765135,60,1819,0.0806780883706246,0.1490688422179011,235,506,2,18,163,0,0,0,0,,UNKNOWN,UNKNOWN
2011-08-10T10:48:00+00:00,2011-08-10T10:49:00+00:00,CTU13_PCAP,641,42122,7,39,48,17,639,2,0,65.71294851794072,72.90124517732552,60,1819,0.0921843405812978,0.164578036725297,198,439,8,7,149,0,0,0,0,,UNKNOWN,UNKNOWN
2011-08-10T10:49:00+00:00,2011-08-10T10:50:00+00:00,CTU13_PCAP,663,46975,19,49,48,19,613,50,0,70.85218702865761,49.97799688304485,60,529,0.0905355452770913,0.1686290656712554,190,423,0,0,155,0,0,0,0,,UNKNOWN,UNKNOWN
2011-08-10T10:50:00+00:00,2011-08-10T10:51:00+00:00,CTU13_PCAP,787,61056,29,58,52,21,687,100,0,77.58068614993647,76.20252913482055,60,1384,0.076190912086545,0.1477318466007051,221,467,2,1,173,0,0,0,0,,UNKNOWN,UNKNOWN
2011-08-10T10:51:00+00:00,2011-08-10T10:52:00+00:00,CTU13_PCAP,922,76118,49,80,50,21,641,276,5,82.55748373101952,104.55448015436508,60,2513,0.0635867121424141,0.1241271206328844,203,438,8,4,154,0,0,0,0,,UNKNOWN,UNKNOWN
2011-08-10T10:52:00+00:00,2011-08-10T10:53:00+00:00,CTU13_PCAP,715,50440,12,47,50,16,654,58,3,70.54545454545455,82.70731335339123,60,1514,0.0837851372085699,0.1396283497751213,204,450,0,0,164,0,0,0,0,,UNKNOWN,UNKNOWN
2011-08-10T10:53:00+00:00,2011-08-10T10:54:00+00:00,CTU13_PCAP,725,49192,18,54,55,20,648,76,1,67.85103448275862,40.94002192820089,60,678,0.0827155235063963,0.1511417180481716,179,470,0,3,165,0,0,0,0,,UNKNOWN,UNKNOWN
2011-08-10T10:54:00+00:00,2011-08-10T10:55:00+00:00,CTU13_PCAP,697,47614,13,45,47,18,635,62,0,68.31276901004304,41.481665521029655,60,554,0.085418925203126,0.1461407604056188,183,453,0,3,160,0,0,0,0,,UNKNOWN,UNKNOWN
2011-08-10T10:55:00+00:00,2011-08-10T10:56:00+00:00,CTU13_PCAP,730,59986,7,38,54,17,701,29,0,82.17260273972603,207.4681366922179,60,2974,0.0820107845939563,0.1456356893450884,238,463,0,0,160,0,0,0,0,,UNKNOWN,UNKNOWN
2011-08-10T10:56:00+00:00,2011-08-10T10:57:00+00:00,CTU13_PCAP,1698,174861,105,136,57,19,766,932,0,102.98056537102474,185.40980993447863,60,3226,0.0352946318242573,0.09434264729226,267,498,7,3,169,0,0,0,0,,UNKNOWN,UNKNOWN
2011-08-10T10:57:00+00:00,2011-08-10T10:58:00+00:00,CTU13_PCAP,1251,147736,92,120,59,23,664,587,0,118.09432454036772,275.62492741998346,60,4434,0.0478814640045166,0.1329553721905759,263,402,4,3,127,0,0,0,0,,UNKNOWN,UNKNOWN
2011-08-10T10:58:00+00:00,2011-08-10T10:59:00+00:00,CTU13_PCAP,1719,218453,147,181,57,15,617,1100,2,127.08144269924377,251.8227982084057,60,4434,0.0345083916423206,0.1027151814982611,270,347,3,0,109,0,0,0,0,,UNKNOWN,UNKNOWN
2011-08-10T10:59:00+00:00,2011-08-10T11:00:00+00:00,CTU13_PCAP,1387,165693,85,120,50,15,522,865,0,119.4614275414564,229.4390838827564,60,4434,0.0428490373823377,0.1272929960046322,209,312,6,3,100,0,0,0,0,,UNKNOWN,UNKNOWN
2011-08-10T11:00:00+00:00,2011-08-10T11:01:00+00:00,CTU13_PCAP,840,88040,50,85,54,21,527,313,0,104.8095238095238,224.6573833847823,60,4434,0.0709007783782922,0.1836577534129398,201,325,11,9,109,0,0,0,0,,UNKNOWN,UNKNOWN
2011-08-10T11:01:00+00:00,2011-08-10T11:02:00+00:00,CTU13_PCAP,1665,217113,138,183,54,22,396,1269,0,130.3981981981982,280.8796275309384,60,4434,0.0358314279180306,0.1451490754339463,199,198,4,9,58,0,0,0,0,,UNKNOWN,UNKNOWN
2011-08-10T11:02:00+00:00,2011-08-10T11:03:00+00:00,CTU13_PCAP,1785,227770,108,155,51,18,641,1144,0,127.60224089635854,259.94082238739986,60,4434,0.0334868610172528,0.091910040483817,215,427,0,3,139,0,0,0,0,,UNKNOWN,UNKNOWN
2011-08-10T11:03:00+00:00,2011-08-10T11:04:00+00:00,CTU13_PCAP,2253,240408,113,169,47,23,872,1380,1,106.70572569906793,225.5677414664976,60,5894,0.0265926025265275,0.0647315261079577,188,684,4,6,224,0,0,0,0,,UNKNOWN,UNKNOWN
2011-08-10T11:04:00+00:00,2011-08-10T11:05:00+00:00,CTU13_PCAP,2808,334833,171,213,49,17,907,1896,5,119.24252136752136,223.0435387362528,60,5210,0.021273352388899,0.059616216970639,227,679,4,3,222,0,0,0,0,,UNKNOWN,UNKNOWN
2011-08-10T11:05:00+00:00,2011-08-10T11:06:00+00:00,CTU13_PCAP,1726,194204,92,128,51,22,859,861,6,112.51680185399768,232.99177797789156,60,4434,0.0346582685000654,0.080776605390366,211,652,1,6,209,0,0,0,0,,UNKNOWN,UNKNOWN
2011-08-10T11:06:00+00:00,2011-08-10T11:07:00+00:00,CTU13_PCAP,1513,157030,89,135,48,18,723,785,5,103.7871777924653,212.23655801330708,60,4434,0.0395742493962484,0.0949746550008651,192,531,0,0,180,0,0,0,0,,UNKNOWN,UNKNOWN
2011-08-10T11:07:00+00:00,2011-08-10T11:08:00+00:00,CTU13_PCAP,1246,128846,56,98,57,20,681,555,10,103.40770465489568,210.2424933453131,60,2974,0.0479853157058777,0.1016175331815099,182,499,4,0,164,2,4,148,240,616.951751947403,NORMAL,NORMAL
2011-08-10T11:08:00+00:00,2011-08-10T11:09:00+00:00,CTU13_PCAP,1600,179124,98,138,57,21,711,888,1,111.9525,203.4130778582095,60,2974,0.037430185761729,0.0941318357064894,203,507,7,3,170,0,0,0,0,,UNKNOWN,UNKNOWN
2011-08-10T11:09:00+00:00,2011-08-10T11:10:00+00:00,CTU13_PCAP,1375,136786,70,102,53,21,711,664,0,99.48072727272728,211.61100717078665,60,4218,0.0436161317506037,0.1163268277233481,214,499,2,3,166,4,1,240,60,3545.59375,ATTACK,BOTNET
2011-08-10T11:10:00+00:00,2011-08-10T11:11:00+00:00,CTU13_PCAP,1555,176917,78,110,51,20,690,865,0,113.77299035369776,243.39992478683027,60,5894,0.0385629355984151,0.0996477980152754,232,460,0,3,154,4,1,278,333,1418.3351997852326,ATTACK,BOTNET
2011-08-10T11:11:00+00:00,2011-08-10T11:12:00+00:00,CTU13_PCAP,1446,147933,77,110,57,22,740,705,1,102.30497925311204,216.1894347972297,60,4434,0.0413740242228788,0.1084445266542422,261,480,6,6,154,2,0,120,0,3545.59375,ATTACK,BOTNET
2011-08-10T11:12:00+00:00,2011-08-10T11:13:00+00:00,CTU13_PCAP,2209,700155,74,110,55,21,1236,967,6,316.95563603440473,667.5503557292761,60,5894,0.0268136367633722,0.0787920548875988,234,1002,8,12,263,2,0,120,0,3545.59375,ATTACK,BOTNET
2011-08-10T11:13:00+00:00,2011-08-10T11:14:00+00:00,CTU13_PCAP,1482,155936,79,119,55,19,597,876,9,105.21997300944668,190.3267527161105,60,2974,0.040368700896784,0.1102817188091683,216,382,2,3,124,5,3,314,180,2395.6340826153755,ATTACK,BOTNET
2011-08-10T11:14:00+00:00,2011-08-10T11:15:00+00:00,CTU13_PCAP,1546,168665,92,134,53,22,532,1000,14,109.09767141009056,216.8130573662781,60,4434,0.038631793519054,0.1135663269235633,188,345,2,3,119,53,27,3194,1826,3480.9591113865376,ATTACK,BOTNET
2011-08-10T11:15:00+00:00,2011-08-10T11:16:00+00:00,CTU13_PCAP,3842,693893,276,318,62,24,1095,2737,10,180.60723581467985,433.0265671889224,60,5894,0.0155548411897928,0.0503847156412626,199,897,8,3,197,134,73,8096,4588,3452.3297101449275,ATTACK,BOTNET
2011-08-10T11:16:00+00:00,2011-08-10T11:17:00+00:00,CTU13_PCAP,2760,356474,151,191,52,25,765,1990,5,129.1572463768116,236.50553487645945,60,4434,0.0217208463068067,0.0622310556115503,216,549,13,10,171,126,61,7560,3941,3598.7379679144383,ATTACK,BOTNET
2011-08-10T11:17:00+00:00,2011-08-10T11:18:00+00:00,CTU13_PCAP,2581,294391,142,183,54,26,733,1842,6,114.0608291359938,237.0618987512112,60,5894,0.0231693891591803,0.068065030934416,196,535,12,8,167,132,68,7948,4449,3530.0237678492067,ATTACK,BOTNET
2011-08-10T11:18:00+00:00,2011-08-10T11:19:00+00:00,CTU13_PCAP,1545,244482,23,63,52,23,847,693,5,158.2407766990291,421.2970006284822,60,5894,0.0384617563665222,0.0918170628298002,205,640,11,8,190,118,58,7080,3666,3598.702059659091,ATTACK,BOTNET
2011-08-10T11:19:00+00:00,2011-08-10T11:20:00+00:00,CTU13_PCAP,1245,90638,26,65,62,31,640,599,6,72.80160642570281,43.32724081471359,60,906,0.0478525658129112,0.1109674822023714,206,431,22,4,151,112,55,6746,3625,3534.012972030811,ATTACK,BOTNET
2011-08-10T11:20:00+00:00,2011-08-10T11:21:00+00:00,CTU13_PCAP,1461,204010,45,82,58,27,872,585,4,139.637234770705,348.7855980172875,60,5894,0.0407454266940077,0.0950832096209111,227,648,10,15,219,130,65,7800,4147,3598.7615384615383,ATTACK,BOTNET
2011-08-10T11:21:00+00:00,2011-08-10T11:22:00+00:00,CTU13_PCAP,1253,172632,22,56,57,24,813,440,0,137.7749401436552,401.1991547824856,60,4434,0.0476722005076301,0.1018933778315068,198,613,9,11,198,132,65,7920,4175,3597.9490799492387,ATTACK,BOTNET
2011-08-10T11:22:00+00:00,2011-08-10T11:23:00+00:00,CTU13_PCAP,1128,112786,26,53,53,28,768,360,0,99.98758865248227,206.27792702878267,60,4114,0.0527819759991704,0.1032012988515102,204,568,7,21,207,122,61,7320,3858,3598.7254098360654,ATTACK,BOTNET
2011-08-10T11:23:00+00:00,2011-08-10T11:24:00+00:00,CTU13_PCAP,1053,143780,10,38,51,27,896,157,0,136.54320987654322,351.5824966228795,60,4374,0.0568446995187621,0.1194292241532491,231,654,34,34,215,102,50,6120,3230,3598.605674342105,ATTACK,BOTNET
2011-08-10T11:24:00+00:00,2011-08-10T11:25:00+00:00,CTU13_PCAP,1615,178655,92,123,45,22,683,932,0,110.62229102167184,201.99398206638745,60,4434,0.0369180309432737,0.1045716796157011,194,489,4,6,167,120,58,7200,3886,3598.7089185393256,ATTACK,BOTNET
2011-08-10T11:25:00+00:00,2011-08-10T11:26:00+00:00,CTU13_PCAP,1467,262562,80,107,47,29,1021,446,0,178.97886843899113,432.5863613395459,60,5894,0.040767551118973,0.096960990063726,230,797,12,36,238,130,64,7800,4078,3597.9279961340208,ATTACK,BOTNET
2011-08-10T11:26:00+00:00,2011-08-10T11:27:00+00:00,CTU13_PCAP,1981,325942,135,161,44,22,976,991,14,164.53407370015145,407.0281435188089,60,7334,0.0302647101758706,0.0866058658220904,220,758,12,16,228,134,67,8072,4532,3491.336713043612,ATTACK,BOTNET
2011-08-10T11:27:00+00:00,2011-08-10T11:28:00+00:00,CTU13_PCAP,2957,406332,192,226,55,35,838,2113,6,137.41359485965506,229.85635864947284,60,2974,0.0201704885220818,0.0634736367948951,228,620,8,16,181,164,81,32782,42485,3537.6692948253785,ATTACK,BOTNET
2011-08-10T11:28:00+00:00,2011-08-10T11:29:00+00:00,CTU13_PCAP,2552,322068,158,198,48,23,766,1780,6,126.20219435736676,258.84812941523813,60,4434,0.0234917221420748,0.0678209665130469,183,586,2,3,184,216,105,58588,44909,3581.934294896705,ATTACK,BOTNET
2011-08-10T11:29:00+00:00,2011-08-10T11:30:00+00:00,CTU13_PCAP,1722,211192,105,144,38,17,647,1062,13,122.64343786295004,252.42900023033565,60,4434,0.0347974142454724,0.0922139942504361,174,473,0,0,144,172,81,54688,23509,3582.8191650224767,ATTACK,BOTNET
2011-08-10T11:30:00+00:00,2011-08-10T11:31:00+00:00,CTU13_PCAP,2201,253535,138,172,41,16,601,1595,5,115.1908223534757,207.47700764828335,60,4434,0.0272420731457796,0.0903738242176891,180,421,0,0,139,152,73,32324,24494,3586.038141148885,ATTACK,BOTNET
2011-08-10T11:31:00+00:00,2011-08-10T11:32:00+00:00,CTU13_PCAP,1727,198571,116,150,44,26,535,1185,7,114.98031268094962,225.9971551729872,60,4434,0.0342724129885676,0.1107172698189482,205,331,8,15,114,98,45,28732,20640,3580.117233416417,ATTACK,BOTNET
2011-08-10T11:32:00+00:00,2011-08-10T11:33:00+00:00,CTU13_PCAP,4254,614895,269,305,50,24,793,3452,9,144.54513399153737,313.7986205260787,60,4434,0.0140597653226406,0.0659189644038832,230,559,20,17,137,256,129,35748,62519,3581.81429953699,ATTACK,BOTNET
2011-08-10T11:33:00+00:00,2011-08-10T11:34:00+00:00,CTU13_PCAP,2793,317420,155,191,49,19,852,1922,19,113.6484067311135,206.62468482220805,60,4292,0.0214491465201008,0.0540401995312446,197,654,4,3,206,434,211,68516,34109,3586.572977507022,ATTACK,BOTNET
2011-08-10T11:34:00+00:00,2011-08-10T11:35:00+00:00,CTU13_PCAP,2628,265455,147,179,41,19,845,1742,41,101.01027397260276,168.4422120900096,60,3090,0.0226389574015326,0.0564777847510705,197,645,15,9,208,408,206,46628,31399,3586.4798662429525,ATTACK,BOTNET
2011-08-10T11:35:00+00:00,2011-08-10T11:36:00+00:00,CTU13_PCAP,2566,254816,138,170,43,19,811,1693,62,99.30475448168356,193.1269231612345,60,5894,0.0233589223486173,0.0608436749717562,191,619,4,3,203,408,199,45584,28430,3587.4329621780057,ATTACK,BOTNET
2011-08-10T11:36:00+00:00,2011-08-10T11:37:00+00:00,CTU13_PCAP,2297,240138,118,149,46,19,743,1496,58,104.54418807139749,172.4028421848981,60,3082,0.0261030731923904,0.0741227493655355,193,551,0,3,183,356,178,41152,26501,3586.620140400719,ATTACK,BOTNET
2011-08-10T11:37:00+00:00,2011-08-10T11:38:00+00:00,CTU13_PCAP,2033,236715,99,133,48,22,618,1377,38,116.43630103295622,199.21401385389908,60,4434,0.0293981107905155,0.0867114436241236,204,416,5,3,131,264,132,36868,24620,3584.5853005442955,ATTACK,BOTNET
2011-08-10T11:38:00+00:00,2011-08-10T11:39:00+00:00,CTU13_PCAP,1999,206976,95,131,46,19,648,1306,45,103.53976988494249,194.8994001587439,60,4434,0.029952772744783,0.0900322006618421,222,426,3,0,144,282,139,37224,25047,3585.6709453091203,ATTACK,BOTNET
2011-08-10T11:39:00+00:00,2011-08-10T11:40:00+00:00,CTU13_PCAP,2601,354285,134,166,46,27,905,1660,36,136.21107266435988,331.8014495025691,60,4434,0.0229405338030595,0.0716015883026113,239,653,23,10,193,280,138,36048,25866,3586.2389312326623,ATTACK,BOTNET
2011-08-10T11:40:00+00:00,2011-08-10T11:41:00+00:00,CTU13_PCAP,2348,273214,130,166,53,29,861,1447,40,116.3603066439523,205.41893577275584,60,2974,0.0254735444828353,0.0780891959615346,239,627,12,30,213,286,144,37544,24261,3564.27922922955,ATTACK,BOTNET
2011-08-10T11:41:00+00:00,2011-08-10T11:42:00+00:00,CTU13_PCAP,1287,162146,25,51,46,26,842,425,20,125.987567987568,266.4912648681744,60,1785,0.0466091056263094,0.1093083744125529,231,618,0,24,227,244,118,32596,8111,3587.331053919555,ATTACK,BOTNET
2011-08-10T11:42:00+00:00,2011-08-10T11:43:00+00:00,CTU13_PCAP,1556,212056,84,113,50,23,801,755,0,136.2827763496144,325.9937659859474,60,4434,0.0384475306299338,0.0968061947238207,217,583,19,18,165,264,134,18060,16923,3589.55025853344,ATTACK,BOTNET
2011-08-10T11:43:00+00:00,2011-08-10T11:44:00+00:00,CTU13_PCAP,970,83972,33,61,60,27,679,291,0,86.56907216494845,154.31337065548354,60,1839,0.0614483900237501,0.1265790024489706,242,433,21,5,143,265,134,25662,10871,3564.451953765444,ATTACK,BOTNET
2011-08-10T11:44:00+00:00,2011-08-10T11:45:00+00:00,CTU13_PCAP,745,51326,8,40,49,23,583,162,0,68.89395973154362,68.40476280386778,60,1330,0.080519365367069,0.154720462879145,202,381,4,6,138,232,116,16668,7999,3589.1722614518526,ATTACK,BOTNET
2011-08-10T11:45:00+00:00,2011-08-10T11:46:00+00:00,CTU13_PCAP,2637,302230,231,266,59,28,677,1952,8,114.61130072051574,229.08013990305827,60,4434,0.0226900261884755,0.0863427291429151,243,435,15,3,133,276,135,17184,48896,3585.4596073523053,ATTACK,BOTNET
2011-08-10T11:46:00+00:00,2011-08-10T11:47:00+00:00,CTU13_PCAP,1573,179686,132,163,52,29,544,1024,5,114.23140495867769,217.88764808770017,60,4434,0.0381370330888199,0.112277666617108,193,351,22,0,115,220,107,36140,21168,3583.766829112254,ATTACK,BOTNET
2011-08-10T11:47:00+00:00,2011-08-10T11:48:00+00:00,CTU13_PCAP,731,66336,14,42,56,28,557,174,0,90.7469220246238,172.57258502047534,60,1514,0.0821722602191036,0.1628804948248919,209,348,26,0,115,216,104,28980,7804,3584.884795225412,ATTACK,BOTNET
2011-08-10T11:48:00+00:00,2011-08-10T11:49:00+00:00,CTU13_PCAP,683,50987,15,45,45,22,555,128,0,74.65153733528551,103.16461894978276,60,1819,0.0872224030956145,0.166258292930334,189,368,6,6,128,224,111,14348,7641,3588.84784050486,ATTACK,BOTNET
2011-08-10T11:49:00+00:00,2011-08-10T11:50:00+00:00,CTU13_PCAP,733,49582,12,39,62,35,639,94,0,67.6425648021828,30.995936713376828,60,332,0.0817839767112106,0.1651097697798026,226,418,10,7,142,230,114,14252,7211,3589.1784205568392,ATTACK,BOTNET
2011-08-10T11:50:00+00:00,2011-08-10T11:51:00+00:00,CTU13_PCAP,1236,354720,9,37,58,29,1193,43,0,286.99029126213594,719.775371672481,60,5894,0.0484909619396997,0.133789571880958,243,955,8,17,248,230,112,13852,7118,3590.4650114042715,ATTACK,BOTNET
2011-08-10T11:51:00+00:00,2011-08-10T11:52:00+00:00,CTU13_PCAP,884,124112,14,41,56,30,839,45,0,140.39819004524887,475.258962318116,60,5894,0.0678713737500753,0.1354710100368737,253,597,18,16,174,248,123,14932,7823,3590.6086872195942,ATTACK,BOTNET
2011-08-10T11:52:00+00:00,2011-08-10T11:53:00+00:00,CTU13_PCAP,801,70069,14,40,54,28,770,31,0,87.4769038701623,140.5506729397701,60,1683,0.0749141389131546,0.1458794548516933,235,544,11,13,177,272,135,16372,8605,3589.7244862848183,ATTACK,BOTNET
2011-08-10T11:53:00+00:00,2011-08-10T11:54:00+00:00,CTU13_PCAP,869,135582,12,40,57,28,849,20,0,156.02071346375143,632.7209835853606,60,7354,0.0686687395869312,0.140791302093689,263,589,28,9,162,268,131,16132,8297,3589.8638067436696,ATTACK,BOTNET
2011-08-10T11:54:00+00:00,2011-08-10T11:55:00+00:00,CTU13_PCAP,932,95424,16,46,58,30,907,25,0,102.3862660944206,272.22623162504084,60,5894,0.0643030342302824,0.1223595153629432,281,639,19,20,198,282,140,16972,8788,3589.31984665891,ATTACK,BOTNET
2011-08-10T11:55:00+00:00,2011-08-10T11:56:00+00:00,CTU13_PCAP,1269,326191,23,52,59,35,1252,17,0,257.04570527974784,731.831593311298,60,10274,0.0471431498271809,0.1198537485924258,258,946,92,33,273,250,125,15144,8315,3531.4569776700337,ATTACK,BOTNET
2011-08-10T11:56:00+00:00,2011-08-10T11:57:00+00:00,CTU13_PCAP,618,40518,6,31,46,14,616,2,0,65.5631067961165,73.40368101440365,60,1819,0.097060257650465,0.1705986457966901,217,400,0,3,137,256,126,15412,7995,3590.2732903944884,ATTACK,BOTNET
2011-08-10T11:57:00+00:00,2011-08-10T11:58:00+00:00,CTU13_PCAP,701,45733,10,34,61,22,693,8,0,65.23965763195434,69.10732765346573,60,1819,0.0851946456091744,0.1570906321155156,274,419,4,6,141,264,130,15914,8324,3562.4259859638164,ATTACK,BOTNET
2011-08-10T11:58:00+00:00,2011-08-10T11:59:00+00:00,CTU13_PCAP,637,42632,8,33,52,17,635,2,0,66.92621664050236,75.19293376089287,60,1819,0.094075526831285,0.1731283413959709,230,407,0,6,142,246,123,14812,7833,3589.859816188735,ATTACK,BOTNET
2011-08-10T11:59:00+00:00,2011-08-10T12:00:00+00:00,CTU13_PCAP,726,51387,9,36,57,19,723,2,1,70.78099173553719,91.58987650884931,60,1819,0.0824640579881339,0.1551793734518447,265,461,4,6,154,270,132,16252,8351,3590.20638677552,ATTACK,BOTNET
2011-08-10T12:00:00+00:00,2011-08-10T12:01:00+00:00,CTU13_PCAP,878,110533,15,40,62,34,858,20,0,125.89179954441911,249.1614700927216,60,1506,0.0682836590226455,0.1321768647831659,240,625,14,13,201,274,137,16596,9090,3511.422262016004,ATTACK,BOTNET
2011-08-10T12:01:00+00:00,2011-08-10T12:02:00+00:00,CTU13_PCAP,521,51140,14,42,58,28,505,16,0,98.1573896353167,207.7397839578817,60,2974,0.114469617146712,0.2516961712101502,242,269,10,14,83,114,56,6892,3492,3589.831471078536,ATTACK,BOTNET
2011-08-10T12:02:00+00:00,2011-08-10T12:03:00+00:00,CTU13_PCAP,668,52184,11,39,67,33,663,5,0,78.11976047904191,137.6250243744733,60,1819,0.0898200736410435,0.1724920805580631,250,415,16,16,135,204,103,12292,6512,3591.944684172298,ATTACK,BOTNET
2011-08-10T12:03:00+00:00,2011-08-10T12:04:00+00:00,CTU13_PCAP,847,53568,7,34,48,18,843,4,0,63.2443919716647,17.688849830825728,60,243,0.0704324135543606,0.0992052058338824,213,635,2,0,213,404,200,24292,12754,3591.023538446584,ATTACK,BOTNET
2011-08-10T12:04:00+00:00,2011-08-10T12:05:00+00:00,CTU13_PCAP,857,54644,8,34,48,18,852,5,0,63.76196032672112,26.252819816465664,60,503,0.0699602184451629,0.1028495064313532,221,631,6,1,215,406,202,24412,12985,3590.6229291099467,ATTACK,BOTNET
2011-08-10T12:05:00+00:00,2011-08-10T12:06:00+00:00,CTU13_PCAP,801,53879,11,36,54,21,796,5,0,67.26466916354556,68.75144660956616,60,1819,0.0742505112290382,0.124244354509953,234,567,4,6,190,344,170,20692,10815,3590.4329908896048,ATTACK,BOTNET
2011-08-10T12:06:00+00:00,2011-08-10T12:07:00+00:00,CTU13_PCAP,706,44593,8,33,53,17,697,6,3,63.1628895184136,20.986379898061365,60,412,0.0849496736594125,0.1405741642600045,233,465,0,2,164,298,148,17932,9443,3590.515525813594,ATTACK,BOTNET
2011-08-10T12:07:00+00:00,2011-08-10T12:08:00+00:00,CTU13_PCAP,697,45987,10,36,56,21,680,7,10,65.97847919655668,69.36563011744069,60,1819,0.0860435561887149,0.1386237538499926,221,460,8,7,148,288,141,17332,8997,3590.783266762198,ATTACK,BOTNET
2011-08-10T12:08:00+00:00,2011-08-10T12:09:00+00:00,CTU13_PCAP,1015,323542,9,35,61,19,1011,2,2,318.76059113300494,842.2421570176707,60,7354,0.0588975305387959,0.1295773239849601,246,767,4,3,170,288,146,17280,9301,3590.8009611439597,ATTACK,BOTNET
2011-08-10T12:09:00+00:00,2011-08-10T12:10:00+00:00,CTU13_PCAP,699,43434,10,36,57,18,694,5,0,62.137339055794,12.091024316744328,60,281,0.0857161232256957,0.1419095103837644,235,460,4,0,157,296,149,17766,9408,3589.5284249868287,ATTACK,BOTNET
2011-08-10T12:10:00+00:00,2011-08-10T12:11:00+00:00,CTU13_PCAP,731,60179,8,34,47,17,720,11,0,82.32421340629276,183.03054607190543,60,2754,0.0810751575313202,0.1393673887249185,219,504,0,6,169,294,145,17640,9255,3591.593557476183,ATTACK,BOTNET
2011-08-10T12:11:00+00:00,2011-08-10T12:12:00+00:00,CTU13_PCAP,758,66996,17,42,53,28,723,35,0,88.38522427440633,163.21427356595407,60,2974,0.0780747884803278,0.1570525660654719,231,499,17,9,164,258,129,15486,8303,3589.8222465866297,ATTACK,BOTNET
2011-08-10T12:12:00+00:00,2011-08-10T12:13:00+00:00,CTU13_PCAP,621,38663,7,32,52,16,616,5,0,62.25925925925926,11.98047655366486,60,315,0.0964285242942071,0.1917497908914481,228,388,0,3,134,248,123,14880,7794,3590.1787647763995,ATTACK,BOTNET
2011-08-10T12:13:00+00:00,2011-08-10T12:14:00+00:00,CTU13_PCAP,653,46577,12,36,47,20,626,23,4,71.32771822358346,84.27461735675878,60,1819,0.0914039355845539,0.1684035321562271,181,448,2,4,152,270,136,16206,8611,3590.2467208366675,ATTACK,BOTNET
2011-08-10T12:14:00+00:00,2011-08-10T12:15:00+00:00,CTU13_PCAP,682,45044,10,40,55,22,677,5,0,66.04692082111437,72.2643657752553,60,1819,0.087937853234805,0.1617464143787708,235,443,7,3,151,274,138,16446,8771,3573.478718296996,ATTACK,BOTNET
2011-08-10T12:15:00+00:00,2011-08-10T12:16:00+00:00,CTU13_PCAP,719,52014,10,38,53,20,706,10,3,72.34214186369958,97.0377658519199,60,1819,0.0834072353448044,0.1531641626401858,220,488,4,9,162,282,139,16944,8793,3548.675613782185,ATTACK,BOTNET
2011-08-10T12:16:00+00:00,2011-08-10T12:17:00+00:00,CTU13_PCAP,704,57344,12,38,50,23,693,11,0,81.45454545454545,152.10171791592367,60,2974,0.0849583810288061,0.1578816618229042,211,487,10,4,168,272,138,16366,8972,3547.2882369338013,ATTACK,BOTNET
2011-08-10T12:17:00+00:00,2011-08-10T12:18:00+00:00,CTU13_PCAP,720,47653,11,37,54,23,712,8,0,66.18472222222222,69.5405200818643,60,1819,0.0832455214605212,0.1687428405878456,226,485,9,12,164,280,140,16806,8893,3572.782200421606,ATTACK,BOTNET
2011-08-10T12:18:00+00:00,2011-08-10T12:19:00+00:00,CTU13_PCAP,755,55159,10,36,52,24,750,5,0,73.05827814569537,117.03529459020758,60,1819,0.079303188412512,0.1294870122460955,229,524,10,13,171,296,147,17760,9360,3572.489736214179,ATTACK,BOTNET
2011-08-10T12:19:00+00:00,2011-08-10T12:20:00+00:00,CTU13_PCAP,727,51067,11,39,59,25,716,11,0,70.24346629986245,46.484025838303545,60,448,0.0824906320282907,0.1550264118443941,248,472,9,4,172,266,132,15966,8384,3573.035315748435,ATTACK,BOTNET
2011-08-10T12:20:00+00:00,2011-08-10T12:21:00+00:00,CTU13_PCAP,764,52999,7,36,47,17,762,2,0,69.37041884816755,86.39405165637663,60,1819,0.0784197956675158,0.1271118913263578,225,540,2,6,185,312,155,18720,9844,3574.624152020673,ATTACK,BOTNET
2011-08-10T12:21:00+00:00,2011-08-10T12:22:00+00:00,CTU13_PCAP,699,43671,10,34,59,20,688,8,3,62.47639484978541,12.836395442144104,60,315,0.0857698367454944,0.1544577062778895,236,452,3,4,154,290,147,17406,9439,3574.5623876721143,ATTACK,BOTNET
2011-08-10T12:22:00+00:00,2011-08-10T12:23:00+00:00,CTU13_PCAP,758,47641,7,36,61,16,756,2,0,62.8509234828496,16.21736236738561,60,315,0.0780507223766735,0.1451160308004228,264,494,4,0,171,314,155,18846,9840,3574.1216538481112,ATTACK,BOTNET
2011-08-10T12:23:00+00:00,2011-08-10T12:24:00+00:00,CTU13_PCAP,787,48517,6,34,51,16,785,2,0,61.64803049555273,3.559532621988295,60,96,0.0758060101637706,0.1300257514872006,230,555,4,6,183,352,175,21120,11229,3573.425105822833,ATTACK,BOTNET
2011-08-10T12:24:00+00:00,2011-08-10T12:25:00+00:00,CTU13_PCAP,965,72002,12,39,56,28,960,5,0,74.61347150259067,99.57186497802758,60,1428,0.0620236038172393,0.1205224836812958,267,698,12,33,249,314,158,18846,10174,3573.722402790845,ATTACK,BOTNET
2011-08-10T12:25:00+00:00,2011-08-10T12:26:00+00:00,CTU13_PCAP,794,52885,10,33,64,22,789,5,0,66.6057934508816,56.36945880378303,60,1424,0.0750132145226227,0.140597905629554,288,505,3,9,171,282,141,16926,9232,3574.4689248487457,ATTACK,BOTNET
2011-08-10T12:26:00+00:00,2011-08-10T12:27:00+00:00,CTU13_PCAP,617,60138,12,38,50,22,586,31,0,97.46839546191248,197.53590500500167,60,2974,0.0972005244973418,0.1895942083497169,237,356,13,1,120,182,89,11040,6393,3462.796479211962,ATTACK,BOTNET
2011-08-10T12:27:00+00:00,2011-08-10T12:28:00+00:00,CTU13_PCAP,523,32981,5,35,57,13,517,6,0,63.06118546845124,15.573549796985178,60,243,0.1141520482826963,0.2090114876900204,256,261,0,0,91,168,84,10086,5305,3580.833745820182,ATTACK,BOTNET
2011-08-10T12:28:00+00:00,2011-08-10T12:29:00+00:00,CTU13_PCAP,510,34780,7,34,55,17,505,5,0,68.19607843137256,83.78343221683546,60,1819,0.1170643083238882,0.2083589189667232,240,267,0,3,93,158,80,9486,5061,3580.7621555148053,ATTACK,BOTNET
2011-08-10T12:29:00+00:00,2011-08-10T12:30:00+00:00,CTU13_PCAP,806,58247,11,37,75,23,798,8,0,72.26674937965261,91.99953911365957,60,1819,0.0739100607285588,0.1837773490846803,315,484,7,12,185,224,113,13440,7299,3576.329468787247,ATTACK,BOTNET
2011-08-10T12:30:00+00:00,2011-08-10T12:31:00+00:00,CTU13_PCAP,875,61407,8,36,59,19,873,2,0,70.17942857142857,106.64904703727636,60,1819,0.0685196863977532,0.1286379109394329,285,591,3,9,195,358,177,21486,11454,3572.1703581725324,ATTACK,BOTNET
2011-08-10T12:31:00+00:00,2011-08-10T12:32:00+00:00,CTU13_PCAP,535,37882,6,32,51,15,533,2,0,70.80747663551402,111.29668332794492,60,1819,0.1119925614153401,0.2477854583817609,260,275,0,6,92,158,79,9480,4968,3571.0677661020545,ATTACK,BOTNET
2011-08-10T12:32:00+00:00,2011-08-10T12:33:00+00:00,CTU13_PCAP,569,39325,7,38,59,19,565,4,0,69.11247803163445,82.3232174359624,60,1819,0.1048876269602439,0.2151565520918465,257,311,0,5,107,180,91,10806,5797,3567.465217856904,ATTACK,BOTNET
2011-08-10T12:33:00+00:00,2011-08-10T12:34:00+00:00,CTU13_PCAP,857,52804,8,34,59,17,852,5,0,61.61493582263711,3.211147593907864,60,92,0.0700519836951639,0.1195515895943302,252,600,0,2,205,394,198,23646,12646,3568.599006272651,ATTACK,BOTNET
2011-08-10T12:34:00+00:00,2011-08-10T12:35:00+00:00,CTU13_PCAP,963,62344,9,36,58,22,955,8,0,64.73935617860852,30.60388362681177,60,476,0.0622515301694493,0.1051771067684438,248,709,4,7,251,402,200,24120,12818,3569.582032705066,ATTACK,BOTNET
2011-08-10T12:35:00+00:00,2011-08-10T12:36:00+00:00,CTU13_PCAP,993,67051,10,42,65,27,991,2,0,67.52366565961732,79.21312217638894,60,1428,0.0604130474309767,0.1008284787271136,275,721,4,24,242,394,198,23646,12728,3569.0633765877906,ATTACK,BOTNET
2011-08-10T12:36:00+00:00,2011-08-10T12:37:00+00:00,CTU13_PCAP,720,44336,8,33,53,17,718,2,0,61.577777777777776,3.0870798059647018,60,92,0.0829969248287535,0.1460748218994301,232,486,3,2,165,316,158,18966,10090,3569.134583530547,ATTACK,BOTNET
2011-08-10T12:37:00+00:00,2011-08-10T12:38:00+00:00,CTU13_PCAP,721,49589,7,34,46,17,716,5,0,68.77808599167822,96.52219060115014,60,1819,0.0829973124795489,0.1393153221593019,218,496,4,7,166,304,153,18240,9758,3569.363591872889,ATTACK,BOTNET
2011-08-10T12:38:00+00:00,2011-08-10T12:39:00+00:00,CTU13_PCAP,680,41914,6,33,46,14,678,2,0,61.63823529411765,3.7653618454259634,60,108,0.0880501101750864,0.1352292614669945,202,476,0,0,164,312,155,18726,9896,3568.980027757824,ATTACK,BOTNET
2011-08-10T12:39:00+00:00,2011-08-10T12:40:00+00:00,CTU13_PCAP,746,46278,6,37,54,15,742,4,0,62.03485254691689,9.955200847088497,60,243,0.0798488200910939,0.1327876780821866,227,514,4,3,174,330,165,19800,10490,3569.2515849330207,ATTACK,BOTNET
2011-08-10T12:40:00+00:00,2011-08-10T12:41:00+00:00,CTU13_PCAP,828,66053,10,39,56,21,826,2,0,79.77415458937197,164.3271553021469,60,2911,0.0721798041134964,0.1267955421061335,259,569,15,5,194,302,152,18126,9676,3568.879309266674,ATTACK,BOTNET
2011-08-10T12:41:00+00:00,2011-08-10T12:42:00+00:00,CTU13_PCAP,745,48724,11,37,57,24,740,5,0,65.4013422818792,67.5203076452337,60,1819,0.0805497272040254,0.1460947297209005,231,509,14,9,169,302,153,18126,9769,3568.936622941887,ATTACK,BOTNET
2011-08-10T12:42:00+00:00,2011-08-10T12:43:00+00:00,CTU13_PCAP,721,54555,9,34,51,19,711,10,0,75.66574202496533,117.40678389284432,60,1666,0.082950676480929,0.1496821713619312,229,485,6,4,161,288,141,17280,9059,3569.329602033108,ATTACK,BOTNET
2011-08-10T12:43:00+00:00,2011-08-10T12:44:00+00:00,CTU13_PCAP,706,46197,9,34,54,18,704,2,0,65.43484419263456,69.34331291844565,60,1819,0.0838263545475953,0.1500919036474404,243,462,5,3,158,288,146,17286,9279,3569.0246646294395,ATTACK,BOTNET
2011-08-10T12:44:00+00:00,2011-08-10T12:45:00+00:00,CTU13_PCAP,746,50778,8,34,52,18,744,2,0,68.06702412868633,94.37161050706123,60,1819,0.0794685290163795,0.1362520256988934,232,514,3,6,172,316,158,18966,9994,3568.9826152626474,ATTACK,BOTNET
2011-08-10T12:45:00+00:00,2011-08-10T12:46:00+00:00,CTU13_PCAP,805,54245,9,33,60,19,800,5,0,67.38509316770187,91.89310980001726,60,2560,0.0742704924659349,0.133051034914219,287,514,10,9,172,302,150,18120,9522,3569.5632056535874,ATTACK,BOTNET
2011-08-10T12:46:00+00:00,2011-08-10T12:47:00+00:00,CTU13_PCAP,701,43385,8,33,49,17,699,2,0,61.89015691868759,10.120708144999586,60,315,0.0855514444623674,0.148437334492041,207,491,7,4,165,310,154,18600,9788,3569.5389385634453,ATTACK,BOTNET
2011-08-10T12:47:00+00:00,2011-08-10T12:48:00+00:00,CTU13_PCAP,724,52411,11,41,54,21,713,8,3,72.39088397790056,106.47837419420804,60,1819,0.0823362724414999,0.1448833245817826,236,478,15,5,157,278,141,16680,9041,3569.4518922991288,ATTACK,BOTNET
2011-08-10T12:48:00+00:00,2011-08-10T12:49:00+00:00,CTU13_PCAP,719,112963,10,38,50,25,714,5,0,157.11126564673157,415.15684168413554,60,4434,0.0834065874971055,0.1922147760924266,223,492,16,22,150,190,92,11400,5884,3571.4610996330885,ATTACK,BOTNET
2011-08-10T12:49:00+00:00,2011-08-10T12:50:00+00:00,CTU13_PCAP,863,101363,12,36,54,26,846,17,0,117.4542294322132,279.0333960045283,60,2974,0.0693162842858971,0.1420280448105201,238,616,7,30,198,258,129,15480,8256,3570.0217173986657,ATTACK,BOTNET
2011-08-10T12:50:00+00:00,2011-08-10T12:51:00+00:00,CTU13_PCAP,727,47188,8,34,47,20,722,5,0,64.90784044016506,30.50502980849071,60,476,0.0820978029371949,0.1368116992055288,211,510,8,6,187,282,141,16920,9035,3569.681547362753,ATTACK,BOTNET
2011-08-10T12:51:00+00:00,2011-08-10T12:52:00+00:00,CTU13_PCAP,768,48935,8,37,56,20,746,22,0,63.71744791666666,17.40890300689671,60,243,0.0773214224575395,0.1532165766028203,230,516,8,15,166,302,149,18120,9501,3570.287745136908,ATTACK,BOTNET
2011-08-10T12:52:00+00:00,2011-08-10T12:53:00+00:00,CTU13_PCAP,527,37406,6,31,44,13,523,2,2,70.97912713472486,112.142468095995,60,1819,0.1134033973679343,0.2165343116931617,210,315,0,6,106,186,92,11160,5792,3573.6453130897003,ATTACK,BOTNET
2011-08-10T12:53:00+00:00,2011-08-10T12:54:00+00:00,CTU13_PCAP,552,36535,9,34,49,16,544,5,3,66.18659420289855,77.66314969330438,60,1819,0.1085716276116899,0.2105579602770325,233,312,4,6,103,178,88,10680,5553,3573.510731412056,ATTACK,BOTNET
2011-08-10T12:54:00+00:00,2011-08-10T12:55:00+00:00,CTU13_PCAP,888,229077,6,32,55,18,886,2,0,257.9695945945946,668.6955115286586,60,5894,0.0674610102996482,0.1636225693580911,261,624,9,17,170,182,91,10920,5747,3573.6437847579355,ATTACK,BOTNET
2011-08-10T12:55:00+00:00,2011-08-10T12:56:00+00:00,CTU13_PCAP,793,132473,10,36,61,30,788,5,0,167.0529634300126,492.882398737816,60,4434,0.0753617449240251,0.1974644442549522,278,512,24,11,153,166,82,9960,5176,3573.6352187049006,ATTACK,BOTNET
2011-08-10T12:56:00+00:00,2011-08-10T12:57:00+00:00,CTU13_PCAP,534,35411,8,36,50,23,532,2,0,66.312734082397,78.93942082344236,60,1819,0.1112268856721344,0.2169321336111815,216,319,6,15,103,158,79,9480,5048,3573.630877125616,ATTACK,BOTNET
2011-08-10T12:57:00+00:00,2011-08-10T12:58:00+00:00,CTU13_PCAP,519,35846,8,32,46,18,514,5,0,69.0674373795761,85.57614598947409,60,1819,0.1132888375101862,0.2172170788601501,224,293,5,5,95,168,83,10080,5247,3573.497701814925,ATTACK,BOTNET
2011-08-10T12:58:00+00:00,2011-08-10T12:59:00+00:00,CTU13_PCAP,524,37431,8,35,58,23,519,5,0,71.43320610687023,112.57805317938222,60,1819,0.1121937435398138,0.2280844147024791,240,280,10,11,89,148,73,8880,4663,3573.6237905823805,ATTACK,BOTNET
2011-08-10T12:59:00+00:00,2011-08-10T13:00:00+00:00,CTU13_PCAP,562,37501,6,36,63,30,560,2,0,66.72775800711744,77.82500841066047,60,1819,0.1063870159699955,0.2005855696502894,230,329,38,4,98,178,88,10680,5545,3573.6415485672483,ATTACK,BOTNET
2011-08-10T13:00:00+00:00,2011-08-10T13:01:00+00:00,CTU13_PCAP,662,52544,9,39,81,40,660,2,0,79.37160120845921,165.88584227663577,60,2905,0.0904271754121996,0.1938219551379457,294,371,51,9,106,167,84,10020,5285,3557.201755707957,ATTACK,BOTNET
2011-08-10T13:01:00+00:00,2011-08-10T13:02:00+00:00,CTU13_PCAP,379,28784,7,34,66,36,374,5,0,75.94722955145119,132.7032015269068,60,1819,0.1583548014756863,0.3484047115032319,214,158,44,7,38,54,26,3240,1621,3573.003814935684,ATTACK,BOTNET
2011-08-10T13:02:00+00:00,2011-08-10T13:03:00+00:00,CTU13_PCAP,461,38301,6,33,62,20,459,2,0,83.0824295010846,168.74551085973303,60,1819,0.1301050455673881,0.2975216850360458,264,199,8,12,61,82,41,4920,2565,3573.5401564090234,ATTACK,BOTNET
2011-08-10T13:03:00+00:00,2011-08-10T13:04:00+00:00,CTU13_PCAP,622,41993,10,38,63,24,613,9,0,67.5128617363344,76.67347769498015,60,1819,0.0964351514303357,0.2039722600656316,267,350,8,11,109,188,91,11280,5716,3573.5624643611222,ATTACK,BOTNET
2011-08-10T13:04:00+00:00,2011-08-10T13:05:00+00:00,CTU13_PCAP,495,33714,6,31,48,16,493,2,0,68.10909090909091,84.84021951084462,60,1819,0.1204842063579482,0.2891025377748829,242,253,4,5,84,144,71,8640,4491,3573.6208612031714,ATTACK,BOTNET
2011-08-10T13:05:00+00:00,2011-08-10T13:06:00+00:00,CTU13_PCAP,935,163109,13,35,58,30,912,23,0,174.44812834224598,371.4643306074073,60,4434,0.0639183105186936,0.1672975504163258,309,620,10,24,178,178,88,10680,5543,3573.510731412056,ATTACK,BOTNET
2011-08-10T13:06:00+00:00,2011-08-10T13:07:00+00:00,CTU13_PCAP,777,122596,14,38,65,27,763,14,0,157.78120978120978,336.0863842302239,60,2974,0.0755731804469197,0.1952647902976418,317,455,11,15,145,130,65,7800,4070,3573.6097946594923,ATTACK,BOTNET
2011-08-10T13:07:00+00:00,2011-08-10T13:08:00+00:00,CTU13_PCAP,972,431673,13,43,77,26,952,7,13,444.108024691358,878.8649091038526,60,5894,0.0616921482321899,0.2139842296319888,290,670,13,16,168,110,55,6600,3460,3573.5881645968466,ATTACK,BOTNET
2011-08-10T13:08:00+00:00,2011-08-10T13:09:00+00:00,CTU13_PCAP,1665,785931,19,49,89,44,1613,52,0,472.0306306306306,790.8359766757626,60,5975,0.0360191003061257,0.1265305399457987,364,1275,22,34,334,106,52,6360,3354,3573.5819356864013,ATTACK,BOTNET
2011-08-10T13:09:00+00:00,2011-08-10T13:10:00+00:00,CTU13_PCAP,994,229647,19,39,77,41,980,11,3,231.03319919517105,578.5340019853159,60,7354,0.0591602779227081,0.1794819195386372,295,694,18,40,212,106,53,6360,3336,3573.536423251314,ATTACK,BOTNET
2011-08-10T13:10:00+00:00,2011-08-10T13:11:00+00:00,CTU13_PCAP,1438,214808,16,41,89,39,1410,28,0,149.3796940194715,284.4024292884357,60,1819,0.0416030069150772,0.1417810160714288,381,1058,8,48,488,100,48,6000,3020,3573.453250601485,ATTACK,BOTNET
2011-08-10T13:11:00+00:00,2011-08-10T13:12:00+00:00,CTU13_PCAP,1110,188273,18,44,94,48,1086,23,1,169.6153153153153,321.3955335013701,60,1819,0.0540460342754642,0.200967550271346,367,752,28,54,235,100,50,6000,3155,3573.5928420321147,ATTACK,BOTNET
2011-08-10T13:12:00+00:00,2011-08-10T13:13:00+00:00,CTU13_PCAP,919,106569,21,48,97,43,878,41,0,115.96191512513602,231.84072913437728,60,2974,0.065160329045813,0.1899038895766776,353,543,22,26,217,110,53,6600,3326,3573.6036821157654,ATTACK,BOTNET
2011-08-10T13:13:00+00:00,2011-08-10T13:14:00+00:00,CTU13_PCAP,1532,460772,13,40,81,36,1521,11,0,300.76501305483026,693.1706287049036,60,5894,0.0391474629756596,0.1262564385767228,280,1253,8,34,573,105,53,6300,3372,3573.4061698807946,ATTACK,BOTNET
2011-08-10T13:14:00+00:00,2011-08-10T13:15:00+00:00,CTU13_PCAP,2766,664826,15,42,98,56,2750,16,0,240.3564714389009,580.3259956390436,60,5894,0.0216627547796984,0.08248342596245,342,2429,30,78,1199,93,44,5580,2816,3573.5799447063114,ATTACK,BOTNET
2011-08-10T13:15:00+00:00,2011-08-10T13:16:00+00:00,CTU13_PCAP,2152,398555,21,47,110,62,2120,32,0,185.2021375464684,496.904673166556,60,7354,0.0278441943661216,0.0962283670874048,420,1724,54,82,797,106,52,6566,4462,3234.415349658532,ATTACK,BOTNET
2011-08-10T13:16:00+00:00,2011-08-10T13:17:00+00:00,CTU13_PCAP,2281,437784,20,45,107,61,2250,31,0,191.92634809294168,536.3023905509727,60,9186,0.0262452043985065,0.0999789110160253,412,1882,20,82,842,104,50,6276,3482,3503.849296108469,ATTACK,BOTNET
2011-08-10T13:17:00+00:00,2011-08-10T13:18:00+00:00,CTU13_PCAP,2579,1462105,18,50,102,53,2562,17,0,566.9271035284994,997.521232294156,60,8814,0.0231338825403395,0.0851234582741558,361,2197,78,66,554,118,58,7194,4538,3390.697372543541,ATTACK,BOTNET
2011-08-10T13:18:00+00:00,2011-08-10T13:19:00+00:00,CTU13_PCAP,1968,971452,19,46,90,49,1921,47,0,493.6239837398374,864.7709362771499,60,8814,0.0301663726492466,0.1130062636949163,289,1648,41,34,479,109,54,6540,3390,3573.6036821157654,ATTACK,BOTNET
2011-08-10T13:19:00+00:00,2011-08-10T13:20:00+00:00,CTU13_PCAP,1291,780747,10,37,67,26,1286,5,0,604.7614252517428,823.9365243871597,60,5894,0.0464721945829169,0.1491025092714565,244,1047,5,26,218,101,50,6086,3317,3502.5945912244306,ATTACK,BOTNET
2011-08-10T13:20:00+00:00,2011-08-10T13:21:00+00:00,CTU13_PCAP,664,95912,13,43,65,25,653,11,0,144.44578313253012,302.8549646128519,60,2017,0.0899394435940105,0.2042650491937907,272,393,8,18,112,118,59,7080,3680,3573.61357528207,ATTACK,BOTNET
2011-08-10T13:21:00+00:00,2011-08-10T13:22:00+00:00,CTU13_PCAP,2169,1281645,23,50,100,50,2126,43,0,590.8921161825726,854.0964129946137,60,8814,0.0273924026761987,0.1071556476450987,358,1793,26,55,424,114,56,6840,3567,3573.309013326028,ATTACK,BOTNET
2011-08-10T13:22:00+00:00,2011-08-10T13:23:00+00:00,CTU13_PCAP,2211,566022,153,188,67,31,1025,1184,2,256.00271370420626,534.3665029434259,60,8814,0.0270090669528391,0.1026929870260223,241,790,10,18,195,176,86,11188,8619,2591.557633585602,ATTACK,BOTNET
2011-08-10T13:23:00+00:00,2011-08-10T13:24:00+00:00,CTU13_PCAP,768,79730,38,68,54,25,536,222,10,103.81510416666669,249.1701010374857,60,3238,0.0778332347198446,0.1738865962576844,216,322,8,9,120,138,68,8280,4291,3573.629790607008,ATTACK,BOTNET
2011-08-10T13:24:00+00:00,2011-08-10T13:25:00+00:00,CTU13_PCAP,1761,197604,125,161,47,16,466,1289,6,112.21124361158432,185.1729848238164,60,2974,0.0335493369535966,0.0967279766626259,190,276,0,3,91,212,106,13606,10576,2528.534637937756,ATTACK,BOTNET
2011-08-10T13:25:00+00:00,2011-08-10T13:26:00+00:00,CTU13_PCAP,1633,184335,86,121,50,20,793,837,3,112.88120024494796,233.70107063972824,60,4434,0.0366336183220732,0.0868711595959351,208,585,4,6,198,298,147,17880,9444,3587.045397529173,ATTACK,BOTNET
2011-08-10T13:26:00+00:00,2011-08-10T13:27:00+00:00,CTU13_PCAP,2595,296950,175,214,50,19,878,1715,2,114.43159922928707,188.3430075188816,60,2974,0.0230696102979096,0.0560718395153269,208,672,4,4,220,404,201,24514,13319,3376.257078477765,ATTACK,BOTNET
2011-08-10T13:27:00+00:00,2011-08-10T13:28:00+00:00,CTU13_PCAP,1871,212570,96,134,45,20,773,1093,5,113.61304115446283,228.3026766266401,60,4434,0.0319708919780139,0.0745455858639733,183,591,2,3,197,462,232,29146,19148,2595.6134360716046,ATTACK,BOTNET
2011-08-10T13:28:00+00:00,2011-08-10T13:29:00+00:00,CTU13_PCAP,1782,197304,96,130,43,15,753,1028,1,110.72053872053873,232.99708194620143,60,4434,0.0335801488425476,0.0805156801608069,188,565,0,0,188,536,268,34418,22471,2222.97981461334,ATTACK,BOTNET
2011-08-10T13:29:00+00:00,2011-08-10T13:30:00+00:00,CTU13_PCAP,2016,224190,135,174,50,19,764,1250,2,111.20535714285714,228.11274426976928,60,4434,0.029723594561404,0.0802347043367215,205,560,0,3,187,534,263,34582,23897,2161.543363096424,ATTACK,BOTNET
2011-08-10T13:30:00+00:00,2011-08-10T13:31:00+00:00,CTU13_PCAP,2248,261689,113,151,49,21,816,1427,5,116.4096975088968,202.34939444596492,60,4434,0.0266291949820083,0.0739340025036309,218,596,11,9,192,560,279,36556,24513,2057.919275087452,ATTACK,BOTNET
2011-08-10T13:31:00+00:00,2011-08-10T13:32:00+00:00,CTU13_PCAP,1750,203564,122,156,44,19,451,1297,2,116.32228571428573,220.87809725322265,60,4434,0.0335352321295413,0.1151285308630644,199,253,3,0,84,292,148,19748,15838,1323.5372870282692,ATTACK,BOTNET
2011-08-10T13:32:00+00:00,2011-08-10T13:33:00+00:00,CTU13_PCAP,998,104877,41,77,50,20,559,438,1,105.0871743486974,191.6629562367713,60,1819,0.0600608004968886,0.1359453922353261,188,373,0,6,123,318,158,20462,12322,2293.474177696625,ATTACK,BOTNET
2011-08-10T13:33:00+00:00,2011-08-10T13:34:00+00:00,CTU13_PCAP,1088,85227,20,52,45,17,779,309,0,78.33363970588235,66.60073562669746,60,778,0.0550668445769646,0.0991484025906921,187,589,8,6,206,504,251,32476,26846,2637.307782353471,ATTACK,BOTNET
2011-08-10T13:34:00+00:00,2011-08-10T13:35:00+00:00,CTU13_PCAP,1593,159251,76,109,51,17,871,722,0,99.96924042686754,211.84746418317536,60,4434,0.0376101991339544,0.0797501154899681,219,653,0,0,219,576,287,36774,26520,2502.522736055412,ATTACK,BOTNET
2011-08-10T13:35:00+00:00,2011-08-10T13:36:00+00:00,CTU13_PCAP,1307,122547,49,84,52,17,847,460,0,93.76205049732212,153.65220964394135,60,2546,0.0458703698279481,0.0881801305435068,203,645,0,3,221,492,239,30644,16469,2944.7196882423395,ATTACK,BOTNET
2011-08-10T13:36:00+00:00,2011-08-10T13:37:00+00:00,CTU13_PCAP,1045,78293,18,52,44,17,790,255,0,74.92153110047848,83.53632316308808,60,1514,0.0572171042248663,0.093634411887015,181,610,0,3,213,428,220,26418,14841,3000.0261895307053,ATTACK,BOTNET
2011-08-10T13:37:00+00:00,2011-08-10T13:38:00+00:00,CTU13_PCAP,944,65448,19,50,49,17,730,211,3,69.33050847457628,40.50335936784055,60,738,0.0634000594643747,0.1102932899759688,200,530,0,0,188,384,191,23464,12883,3199.0956948371554,ATTACK,BOTNET
2011-08-10T13:38:00+00:00,2011-08-10T13:39:00+00:00,CTU13_PCAP,965,70597,16,52,62,20,786,179,0,73.15751295336787,92.33993324976512,60,1819,0.0620838435853665,0.1101710205609818,266,520,7,6,178,314,158,18856,10056,3576.2157600001765,ATTACK,BOTNET
2011-08-10T13:39:00+00:00,2011-08-10T13:40:00+00:00,CTU13_PCAP,959,72613,10,40,52,23,785,174,0,75.71741397288842,102.54367781303242,60,1819,0.0622000418027905,0.1079209708100486,224,563,12,12,192,330,160,20014,10550,3459.4352317240773,ATTACK,BOTNET
2011-08-10T13:40:00+00:00,2011-08-10T13:41:00+00:00,CTU13_PCAP,929,68119,9,38,48,21,758,171,0,73.32508073196986,77.63518939584334,60,1412,0.0644768134787164,0.120938366381846,196,562,6,6,194,324,161,19440,10204,3598.9977279962955,ATTACK,BOTNET
2011-08-10T13:41:00+00:00,2011-08-10T13:42:00+00:00,CTU13_PCAP,987,75910,28,55,50,20,756,231,0,76.90982776089159,83.61425986369741,60,1313,0.0599267081363205,0.1099893855010535,215,542,0,3,192,334,167,20040,10568,3598.769223523473,ATTACK,BOTNET
2011-08-10T13:42:00+00:00,2011-08-10T13:43:00+00:00,CTU13_PCAP,1206,109129,71,106,50,22,674,528,4,90.48839137645108,134.87566086989384,60,2974,0.0496238291016258,0.1157040556223417,215,462,5,7,155,262,131,15720,8278,3598.7963634962957,ATTACK,BOTNET
2011-08-10T13:43:00+00:00,2011-08-10T13:44:00+00:00,CTU13_PCAP,810,64057,14,43,52,21,597,206,7,79.08271604938271,113.06613086233486,60,1819,0.074025544012138,0.1437910391352825,240,361,6,7,126,192,94,11520,5927,3598.1644976189086,ATTACK,BOTNET
2011-08-10T13:44:00+00:00,2011-08-10T13:45:00+00:00,CTU13_PCAP,1004,65833,13,44,63,19,799,200,5,65.5707171314741,16.556855415165963,60,315,0.0596052504489096,0.1082922528515105,262,539,5,3,182,336,167,20160,10620,3599.0128567029183,ATTACK,BOTNET
2011-08-10T13:45:00+00:00,2011-08-10T13:46:00+00:00,CTU13_PCAP,978,76419,18,48,62,20,775,200,3,78.13803680981596,187.40969294910764,60,4434,0.0612400644511259,0.1141621753172282,259,517,2,3,175,352,159,21648,10047,3288.822961849709,ATTACK,BOTNET
2011-08-10T13:46:00+00:00,2011-08-10T13:47:00+00:00,CTU13_PCAP,1938,220128,98,128,52,19,564,1369,5,113.58513931888544,262.43579435143585,60,5894,0.0309425079767151,0.1032854330834653,234,332,4,9,100,226,104,14358,7116,2616.841647261562,ATTACK,BOTNET
2011-08-10T13:47:00+00:00,2011-08-10T13:48:00+00:00,CTU13_PCAP,3254,415774,209,239,49,24,783,2459,12,127.77320221266136,239.6408887680159,60,4434,0.0183572065562715,0.0641092989040807,266,519,12,13,146,536,275,36718,28214,1182.3683609674365,ATTACK,BOTNET
2011-08-10T13:48:00+00:00,2011-08-10T13:49:00+00:00,CTU13_PCAP,2145,276409,148,177,44,19,542,1591,12,128.8620046620047,290.23045513492,60,5442,0.0266258255092065,0.1031956238556789,186,358,0,4,107,402,210,27340,22974,1250.1965753537377,ATTACK,BOTNET
2011-08-10T13:49:00+00:00,2011-08-10T13:50:00+00:00,CTU13_PCAP,9,792,4,1,4,4,6,3,0,88.0,56.095157247900346,60,246,3.3735502660274506,3.0744379723311903,3,3,1,0,2,0,5,0,510,1454.3404111385346,ATTACK,BOTNET
