window_start,window_end,dataset_source,number_of_flows,mean_dst_port,mean_flow_duration,mean_total_packets,total_packets,mean_total_bytes,total_bytes,mean_source_bytes,source_bytes,mean_iat_variance,mean_s_tos,mean_d_tos,mean_tot_fwd_pkts,mean_tot_bwd_pkts,mean_totlen_fwd_pkts,mean_totlen_bwd_pkts,mean_flow_byts_s,mean_flow_pkts_s,mean_flow_iat_mean,mean_flow_iat_std,mean_flow_iat_max,mean_flow_iat_min,mean_fwd_pkts_s,mean_bwd_pkts_s,mean_down_up_ratio,mean_fin_flag_cnt,mean_syn_flag_cnt,mean_rst_flag_cnt,mean_psh_flag_cnt,mean_ack_flag_cnt,mean_urg_flag_cnt,mean_cwe_flag_count,mean_ece_flag_cnt,mean_init_fwd_win_byts,mean_init_bwd_win_byts,mean_fwd_pkt_len_max,mean_fwd_pkt_len_min,mean_fwd_pkt_len_mean,mean_fwd_pkt_len_std,mean_bwd_pkt_len_max,mean_bwd_pkt_len_min,mean_bwd_pkt_len_mean,mean_bwd_pkt_len_std,mean_pkt_len_min,mean_pkt_len_max,mean_pkt_len_mean,mean_pkt_len_std,mean_pkt_len_var,mean_pkt_size_avg,mean_fwd_seg_size_avg,mean_bwd_seg_size_avg,target_next_window
2011-08-10 09:46:00,2011-08-10 09:47:00,CTU13,1654,12782.049291435613,1279.3881594050786,562.7152357920194,930731,442918.2400241838,732586769,419831.4516324063,694401221,,0.0018214936247723133,0.0,,,,,,,,,,,,,,,,,,,,,,,,,,,,,,,,,,,,,,,,0
2011-08-10 09:47:00,2011-08-10 09:48:00,CTU13,10191,12623.321435712858,1235.6530180582868,39.8255323324502,405862,8187.587969777254,83439709,3464.6359532921206,35308105,,0.04169541646131099,0.00031453134829104634,,,,,,,,,,,,,,,,,,,,,,,,,,,,,,,,,,,,,,,,0
2011-08-10 09:48:00,2011-08-10 09:49:00,CTU13,8657,13274.64637749675,1110.4049347034768,27.098532979092063,234592,17533.476030957605,151787302,1125.6070232182049,9744380,,0.024854819976771195,0.0023643603782976604,,,,,,,,,,,,,,,,,,,,,,,,,,,,,,,,,,,,,,,,0
2011-08-10 09:49:00,2011-08-10 09:50:00,CTU13,9321,11927.165774232324,922.117819277009,13.56710653363373,126459,3458.3323677716985,32235116,1027.0345456496084,9572989,,0.023957885689729265,0.00034722222222222224,,,,,,,,,,,,,,,,,,,,,,,,,,,,,,,,,,,,,,,,0
2011-08-10 09:50:00,2011-08-10 09:51:00,CTU13,9194,10952.259480375898,897.5732357643028,12.54709593212965,115358,5290.367957363498,48639643,839.8135740700457,7721246,,0.0223457597558317,0.0006919617114519663,,,,,,,,,,,,,,,,,,,,,,,,,,,,,,,,,,,,,,,,0
2011-08-10 09:51:00,2011-08-10 09:52:00,CTU13,8449,11237.77426717924,919.3470909518286,13.67132204994674,115509,5986.737247011481,50581943,887.8359569179785,7501326,,0.026250148473690463,0.0007530120481927711,,,,,,,,,,,,,,,,,,,,,,,,,,,,,,,,,,,,,,,,0
2011-08-10 09:52:00,2011-08-10 09:53:00,CTU13,9524,11387.711853517507,854.4613882233306,23.606047879042418,224824,18503.166631667365,176224159,1015.0921881562368,9667738,,0.0246092099704267,0.0002260397830018083,,,,,,,,,,,,,,,,,,,,,,,,,,,,,,,,,,,,,,,,0
2011-08-10 09:53:00,2011-08-10 09:54:00,CTU13,8391,11599.676143237359,870.024378142772,9.063043737337624,76048,3519.9426766773922,29535839,729.510189488738,6121320,,0.023914863087408825,0.0,,,,,,,,,,,,,,,,,,,,,,,,,,,,,,,,,,,,,,,,0
2011-08-10 09:54:00,2011-08-10 09:55:00,CTU13,8534,11028.424952426261,860.3779481495196,126.78017342395125,1081942,104634.412819311,892950079,3660.8834075462855,31241979,,0.02569845573499941,0.0011177347242921013,,,,,,,,,,,,,,,,,,,,,,,,,,,,,,,,,,,,,,,,0
2011-08-10 09:55:00,2011-08-10 09:56:00,CTU13,8307,10670.07459578638,852.180794847478,12.800048152160828,106330,6900.4891055736125,57322363,1496.2572529192248,12429409,,0.025966183574879228,0.0002564102564102564,,,,,,,,,,,,,,,,,,,,,,,,,,,,,,,,,,,,,,,,0
2011-08-10 09:56:00,2011-08-10 09:57:00,CTU13,8737,9555.304880869766,768.8525045063524,9.548929838617374,83429,3854.1822135744533,33673990,735.0578001602381,6422200,,0.024295209718083886,0.0002388630120625821,,,,,,,,,,,,,,,,,,,,,,,,,,,,,,,,,,,,,,,,0
2011-08-10 09:57:00,2011-08-10 09:58:00,CTU13,7126,10675.437803831855,832.8357674079427,13.417625596407522,95614,10345.140190850407,73719469,552.8388998035364,3939530,,0.02997737556561086,0.0004440497335701599,,,,,,,,,,,,,,,,,,,,,,,,,,,,,,,,,,,,,,,,0
2011-08-10 09:58:00,2011-08-10 09:59:00,CTU13,8162,8756.638221451572,648.0764453107082,9.230703259005146,75341,4507.147635383484,36787339,909.9264886057339,7426820,,0.025411244782715444,0.00025936973155232785,,,,,,,,,,,,,,,,,,,,,,,,,,,,,,,,,,,,,,,,0
2011-08-10 09:59:00,2011-08-10 10:00:00,CTU13,8160,10263.354433528168,726.8599634796568,12.609436274509804,102893,6621.9550245098035,54035153,1437.4117647058824,11729280,,0.025584255842558426,0.0002609262883235486,,,,,,,,,,,,,,,,,,,,,,,,,,,,,,,,,,,,,,,,0
2011-08-10 10:00:00,2011-08-10 10:01:00,CTU13,8151,8638.151793471516,650.3452920461293,7.245245982088087,59056,2352.9170653907495,19178627,504.0504232609496,4108515,,0.02643225965084829,0.00012822156686754713,,,,,,,,,,,,,,,,,,,,,,,,,,,,,,,,,,,,,,,,0
2011-08-10 10:01:00,2011-08-10 10:02:00,CTU13,7140,9634.742411347517,742.0692404773109,17.665546218487396,126132,12597.587675070028,89946776,829.006862745098,5919109,,0.029333333333333333,0.0004404639553663192,,,,,,,,,,,,,,,,,,,,,,,,,,,,,,,,,,,,,,,,0
2011-08-10 10:02:00,2011-08-10 10:03:00,CTU13,7454,9702.815178815179,665.7566477365173,27.451167158572577,204621,20059.257445666757,149521705,1015.5393077542259,7569830,,0.027129167229045754,0.0,,,,,,,,,,,,,,,,,,,,,,,,,,,,,,,,,,,,,,,,0
2011-08-10 10:03:00,2011-08-10 10:04:00,CTU13,8274,10307.802039813221,647.6945770535413,97.61663040850858,807680,88755.83067440175,734365743,2774.437515107566,22955696,,0.024869586315661774,0.0006567713122290818,,,,,,,,,,,,,,,,,,,,,,,,,,,,,,,,,,,,,,,,0
2011-08-10 10:04:00,2011-08-10 10:05:00,CTU13,8207,9474.94388133498,608.3368267827465,17.130010966248324,140586,12109.852199342025,99385557,3695.0252223711464,30325072,,0.026954177897574125,0.00038724667613269654,,,,,,,,,,,,,,,,,,,,,,,,,,,,,,,,,,,,,,,,0
2011-08-10 10:05:00,2011-08-10 10:06:00,CTU13,7724,11319.362057623997,725.2769631852667,15.930476437079234,123047,8419.757897462454,65034210,2259.326903158985,17451041,,0.02781388094619184,0.00027843519420854795,,,,,,,,,,,,,,,,,,,,,,,,,,,,,,,,,,,,,,,,0
2011-08-10 10:06:00,2011-08-10 10:07:00,CTU13,9303,7726.304668838219,573.7239782151994,10.002902289584005,93057,4728.4506073309685,43988776,612.5993765452005,5699012,,0.023891519586741284,0.0005839075090505664,,,,,,,,,,,,,,,,,,,,,,,,,,,,,,,,,,,,,,,,0
2011-08-10 10:07:00,2011-08-10 10:08:00,CTU13,8220,8610.474898236092,602.2067066075425,9.238686131386862,75942,4570.8461070559615,37572355,492.67822384428223,4049815,,0.024929732371990712,0.00038153376573826786,,,,,,,,,,,,,,,,,,,,,,,,,,,,,,,,,,,,,,,,0
2011-08-10 10:08:00,2011-08-10 10:09:00,CTU13,7035,8752.52045520023,636.6680951041933,13.583511016346836,95560,9655.64591329069,67927469,637.7512437810946,4486580,,0.030264097073518913,0.0007389890629618681,,,,,,,,,,,,,,,,,,,,,,,,,,,,,,,,,,,,,,,,0
2011-08-10 10:09:00,2011-08-10 10:10:00,CTU13,6842,9578.665033407573,629.6363382962585,11.7524115755627,80410,7596.812189418299,51977389,591.0043846828413,4043652,,0.030107211044206196,0.0006111535523300229,,,,,,,,,,,,,,,,,,,,,,,,,,,,,,,,,,,,,,,,0
2011-08-10 10:10:00,2011-08-10 10:11:00,CTU13,9365,7272.040435626483,481.8598452884143,10.468232781633743,98035,4673.348852108917,43765912,584.6205018686599,5474971,,0.022357723577235773,0.0,,,,,,,,,,,,,,,,,,,,,,,,,,,,,,,,,,,,,,,,0
2011-08-10 10:11:00,2011-08-10 10:12:00,CTU13,8045,7424.757142857143,497.97868520696085,8.637911746426353,69492,4049.422374145432,32577603,592.069608452455,4763200,,0.0253889234598631,0.0,,,,,,,,,,,,,,,,,,,,,,,,,,,,,,,,,,,,,,,,0
2011-08-10 10:12:00,2011-08-10 10:13:00,CTU13,7515,8140.05442543446,535.9298924017298,14.350898203592815,107847,9588.645508982036,72058671,4409.797870924817,33139631,,0.027247228529451047,0.00041499515838981876,,,,,,,,,,,,,,,,,,,,,,,,,,,,,,,,,,,,,,,,0
2011-08-10 10:13:00,2011-08-10 10:14:00,CTU13,8137,8339.254740518962,518.0001060685756,11.15742902789726,90788,5953.928229077055,48447114,575.1435418458891,4679943,,0.025435238918384985,0.0003852080123266564,,,,,,,,,,,,,,,,,,,,,,,,,,,,,,,,,,,,,,,,0
2011-08-10 10:14:00,2011-08-10 10:15:00,CTU13,9314,6754.591761517615,430.32377940627015,10.548743826497745,98251,5307.058728795362,49429945,557.8741679192614,5196040,,0.02224381816218551,0.0002207505518763797,,,,,,,,,,,,,,,,,,,,,,,,,,,,,,,,,,,,,,,,0
2011-08-10 10:15:00,2011-08-10 10:16:00,CTU13,9227,6989.438863910516,453.8789115699577,10.208084968028611,94190,5172.492034247318,47726584,814.5499078790506,7515852,,0.02324066029539531,0.00045300113250283127,,,,,,,,,,,,,,,,,,,,,,,,,,,,,,,,,,,,,,,,0
2011-08-10 10:16:00,2011-08-10 10:17:00,CTU13,7771,10384.261396196925,619.2424944861665,25.464676360828722,197886,15569.191738514992,120988189,3047.066400720628,23678753,,0.02693298969072165,0.0016304347826086956,,,,,,,,,,,,,,,,,,,,,,,,,,,,,,,,,,,,,,,,0
2011-08-10 10:17:00,2011-08-10 10:18:00,CTU13,7361,10003.879043406137,493.15925272136934,11.280260834125798,83034,8122.4754788751525,59789542,540.6590137209619,3979791,,0.028618152085036794,0.0,,,,,,,,,,,,,,,,,,,,,,,,,,,,,,,,,,,,,,,,0
2011-08-10 10:18:00,2011-08-10 10:19:00,CTU13,14878,7359.985140753868,244.1826236244791,6.885065196935072,102436,2893.3152305417393,43046744,375.7829681408792,5590899,,0.014498617573673208,0.000312256049960968,,,,,,,,,,,,,,,,,,,,,,,,,,,,,,,,,,,,,,,,0
2011-08-10 10:19:00,2011-08-10 10:20:00,CTU13,70155,30721.278610948288,49.325500095531325,4.150666381583636,291190,1244.2474093079609,87290177,176.4069845342456,12375832,,0.0028670460866960503,3.88123423248593e-05,,,,,,,,,,,,,,,,,,,,,,,,,,,,,,,,,,,,,,,,0
2011-08-10 10:20:00,2011-08-10 10:21:00,CTU13,10427,6428.27678138633,329.09710111479814,8.058885585499185,84030,4330.7133403663565,45156348,553.82324733864,5774715,,0.01911990776325903,0.0003043831168831169,,,,,,,,,,,,,,,,,,,,,,,,,,,,,,,,,,,,,,,,0
2011-08-10 10:21:00,2011-08-10 10:22:00,CTU13,11670,6325.589623052146,317.1199267470437,9.473350471293916,110554,5270.647129391602,61508452,579.0413024850043,6757412,,0.035074178886887915,0.0001802451333813987,,,,,,,,,,,,,,,,,,,,,,,,,,,,,,,,,,,,,,,,0
2011-08-10 10:22:00,2011-08-10 10:23:00,CTU13,14929,4313.598219104156,240.51556411105904,6.6995780025453815,100018,3631.341616987072,54212299,481.9172081184272,7194542,,0.013408420488066506,0.00020562028786840302,,,,,,,,,,,,,,,,,,,,,,,,,,,,,,,,,,,,,,,,0
2011-08-10 10:23:00,2011-08-10 10:24:00,CTU13,16966,3571.569347839011,191.61983282724273,6.727042319933986,114131,3872.298656135801,65697419,310.2453141577272,5263622,,0.012357358245136877,0.0007820019249278152,,,,,,,,,,,,,,,,,,,,,,,,,,,,,,,,,,,,,,,,0
2011-08-10 10:24:00,2011-08-10 10:25:00,CTU13,8489,8038.803503336511,437.4516227309459,9.085286841795265,77125,5156.1188597007895,43770293,446.90222641064906,3793753,,0.023913815555818632,0.0,,,,,,,,,,,,,,,,,,,,,,,,,,,,,,,,,,,,,,,,0
2011-08-10 10:25:00,2011-08-10 10:26:00,CTU13,7443,9612.380867416963,481.7330243185544,8.594518339379283,63969,3640.8915759774286,27099156,647.3256751309956,4818045,,0.028305701577031946,0.0,,,,,,,,,,,,,,,,,,,,,,,,,,,,,,,,,,,,,,,,0
2011-08-10 10:26:00,2011-08-10 10:27:00,CTU13,7443,8645.24202780049,454.388749817278,8.619911326078194,64158,4008.789735321779,29837422,605.0564288593309,4503435,,0.027594561852200834,0.0,,,,,,,,,,,,,,,,,,,,,,,,,,,,,,,,,,,,,,,,0
2011-08-10 10:27:00,2011-08-10 10:28:00,CTU13,7065,8104.901294964029,431.90884794819533,11.772257607926397,83171,6243.234111818825,44108449,649.6680820948337,4589905,,0.028340654669122858,0.0013448894202032278,,,,,,,,,,,,,,,,,,,,,,,,,,,,,,,,,,,,,,,,0
2011-08-10 10:28:00,2011-08-10 10:29:00,CTU13,7236,7959.614285714286,399.7275325892758,13.398700939745716,96953,8803.991708126037,63705684,808.620232172471,5851176,,0.029153298925931093,0.0,,,,,,,,,,,,,,,,,,,,,,,,,,,,,,,,,,,,,,,,0
2011-08-10 10:29:00,2011-08-10 10:30:00,CTU13,6298,7812.141404358354,353.64186266878374,25.621149571292474,161362,19685.108605906637,123976814,7398.483645601778,46595650,,0.03207276208712303,0.0,,,,,,,,,,,,,,,,,,,,,,,,,,,,,,,,,,,,,,,,0
2011-08-10 10:30:00,2011-08-10 10:31:00,CTU13,6395,7387.416944841838,369.03250225394834,8.093197810789679,51756,3613.4608287724786,23108082,608.9677873338546,3894349,,0.031578947368421054,0.0,,,,,,,,,,,,,,,,,,,,,,,,,,,,,,,,,,,,,,,,0
2011-08-10 10:31:00,2011-08-10 10:32:00,CTU13,6564,7563.760694358339,351.25750222714805,14.44759293113955,94834,9778.191346739794,64184048,860.7669104204754,5650074,,0.03096872616323417,0.0,,,,,,,,,,,,,,,,,,,,,,,,,,,,,,,,,,,,,,,,0
2011-08-10 10:32:00,2011-08-10 10:33:00,CTU13,7272,7559.680239854972,303.8419303558856,23.192244224422442,168654,21260.46397139714,154606094,838.8479097909791,6100102,,0.027946035242290748,0.00014560279557367502,,,,,,,,,,,,,,,,,,,,,,,,,,,,,,,,,,,,,,,,0
2011-08-10 10:33:00,2011-08-10 10:34:00,CTU13,6545,8455.725326617347,342.9894672102368,6.890909090909091,45101,2992.4806722689077,19585786,490.89640947288007,3212917,,0.031288532675709003,0.0,,,,,,,,,,,,,,,,,,,,,,,,,,,,,,,,,,,,,,,,0
2011-08-10 10:34:00,2011-08-10 10:35:00,CTU13,5635,8051.037445730825,380.8990119687667,9.127595385980479,51434,4541.986867790594,25594096,661.7164152617569,3728772,,0.03811739441660701,0.0,,,,,,,,,,,,,,,,,,,,,,,,,,,,,,,,,,,,,,,,0
2011-08-10 10:35:00,2011-08-10 10:36:00,CTU13,6502,9191.707441711913,340.59500465902795,14.88295908951092,96769,11079.759766225776,72040598,725.6298062134728,4718045,,0.03276661514683153,0.0,,,,,,,,,,,,,,,,,,,,,,,,,,,,,,,,,,,,,,,,0
2011-08-10 10:36:00,2011-08-10 10:37:00,CTU13,7990,8715.181139843047,302.6407247033792,13.74180225281602,109797,8354.87521902378,66755453,817.645181476846,6532985,,0.026061897005387795,0.0002747252747252747,,,,,,,,,,,,,,,,,,,,,,,,,,,,,,,,,,,,,,,,0
2011-08-10 10:37:00,2011-08-10 10:38:00,CTU13,6470,9236.062569477528,339.8630918669243,20.793663060278206,134535,13023.019165378671,84258934,950.1797527047913,6147663,,0.032512772875058056,0.0,,,,,,,,,,,,,,,,,,,,,,,,,,,,,,,,,,,,,,,,0
2011-08-10 10:38:00,2011-08-10 10:39:00,CTU13,6201,7044.60632805995,277.7377220667634,48.692952749556525,301945,48426.87518142235,300295053,1359.401386873085,8429648,,0.03257328990228013,0.00033967391304347825,,,,,,,,,,,,,,,,,,,,,,,,,,,,,,,,,,,,,,,,0
2011-08-10 10:39:00,2011-08-10 10:40:00,CTU13,5710,7537.326039783002,290.01460266742555,26.473029772329248,151161,20494.923817863397,117026015,959.3080560420315,5477649,,0.03456180567801093,0.0,,,,,,,,,,,,,,,,,,,,,,,,,,,,,,,,,,,,,,,,0
2011-08-10 10:40:00,2011-08-10 10:41:00,CTU13,6535,6680.01114599686,261.75885033205816,10.383932670237185,67859,5533.11155317521,36158884,724.7914307574598,4736512,,0.03262040313894445,0.0008039877793857533,,,,,,,,,,,,,,,,,,,,,,,,,,,,,,,,,,,,,,,,0
2011-08-10 10:41:00,2011-08-10 10:42:00,CTU13,5818,7952.869741242739,294.85859545393606,253.83860433138537,1476833,223593.59951873496,1300867562,8208.681333791681,47758108,,0.03531438415159346,0.0003621220351258374,,,,,,,,,,,,,,,,,,,,,,,,,,,,,,,,,,,,,,,,0
2011-08-10 10:42:00,2011-08-10 10:43:00,CTU13,6314,6345.648160103293,246.2712675429205,12.601362052581564,79565,7735.592651251188,48842532,774.068894520114,4887471,,0.03156225218080888,0.0,,,,,,,,,,,,,,,,,,,,,,,,,,,,,,,,,,,,,,,,0
2011-08-10 10:43:00,2011-08-10 10:44:00,CTU13,5873,7257.312686436217,280.16855467256937,42.260514217605994,248196,32798.9049889324,192627969,17856.98109994892,104874050,,0.03496743229345218,0.0010762331838565023,,,,,,,,,,,,,,,,,,,,,,,,,,,,,,,,,,,,,,,,0
2011-08-10 10:44:00,2011-08-10 10:45:00,CTU13,5775,7403.172006443529,279.8486262550649,20.584935064935063,118878,14649.006233766233,84598011,10104.092467532468,58351134,,0.03498950314905528,0.0,,,,,,,,,,,,,,,,,,,,,,,,,,,,,,,,,,,,,,,,0
2011-08-10 10:45:00,2011-08-10 10:46:00,CTU13,5642,8127.076023391813,304.0866327557604,7.210740872031194,40683,2843.936724565757,16045491,545.1141439205956,3075534,,0.03707004099091071,0.0,,,,,,,,,,,,,,,,,,,,,,,,,,,,,,,,,,,,,,,,0
2011-08-10 10:46:00,2011-08-10 10:47:00,CTU13,5947,6925.82830705963,285.7224288501766,56.611064402219604,336666,42389.6554565327,252091281,30270.86194720027,180020816,,0.03336141533277169,0.0,,,,,,,,,,,,,,,,,,,,,,,,,,,,,,,,,,,,,,,,0
2011-08-10 10:47:00,2011-08-10 10:48:00,CTU13,6623,7491.80754544066,557.4007951189793,58.40314057073834,386804,19805.890985958024,131174416,4319.827872565303,28610220,,0.05979412655161974,0.00046918986549890525,,,,,,,,,,,,,,,,,,,,,,,,,,,,,,,,,,,,,,,,0
2011-08-10 10:48:00,2011-08-10 10:49:00,CTU13,6678,9037.893668954996,575.2572419161426,26.06019766397125,174030,8364.71563342318,55859571,1526.3956274333632,10193270,,0.03113250112798917,0.0,,,,,,,,,,,,,,,,,,,,,,,,,,,,,,,,,,,,,,,,0
2011-08-10 10:49:00,2011-08-10 10:50:00,CTU13,7203,10022.942189947316,523.0939980526169,21.219769540469247,152846,10558.061363320838,76049716,1330.175204775788,9581252,,0.028699426011479772,0.00045696877380045696,,,,,,,,,,,,,,,,,,,,,,,,,,,,,,,,,,,,,,,,0
2011-08-10 10:50:00,2011-08-10 10:51:00,CTU13,7154,10243.458578607322,492.0144491934582,12.078976796197932,86413,6030.824294101202,43144517,817.5503214984624,5848755,,0.02950681466910215,0.0003127443315089914,,,,,,,,,,,,,,,,,,,,,,,,,,,,,,,,,,,,,,,,0
2011-08-10 10:51:00,2011-08-10 10:52:00,CTU13,7883,7823.9537000910395,457.7672813390841,16.037295445896234,126422,10651.84219205886,83968472,832.2526956742357,6560648,,0.026693784161688064,0.0010939422945439629,,,,,,,,,,,,,,,,,,,,,,,,,,,,,,,,,,,,,,,,0
2011-08-10 10:52:00,2011-08-10 10:53:00,CTU13,6391,8378.659936406995,575.880105725708,21.366139884212174,136551,15240.10530433422,97399513,1375.552808637146,8791158,,0.03293084522502744,0.00033140016570008286,,,,,,,,,,,,,,,,,,,,,,,,,,,,,,,,,,,,,,,,0
2011-08-10 10:53:00,2011-08-10 10:54:00,CTU13,6923,8702.064298297122,614.1137306462516,10.746497183302036,74398,4220.121912465694,29215904,734.2462805142279,5083187,,0.02957807742496738,0.00030446034404018875,,,,,,,,,,,,,,,,,,,,,,,,,,,,,,,,,,,,,,,,0
2011-08-10 10:54:00,2011-08-10 10:55:00,CTU13,7280,7540.418763982103,510.1440366980769,10.901098901098901,79360,4706.620879120879,34264200,710.0318681318681,5169032,,0.030547070258261595,0.0,,,,,,,,,,,,,,,,,,,,,,,,,,,,,,,,,,,,,,,,0
2011-08-10 10:55:00,2011-08-10 10:56:00,CTU13,7478,7722.692692828146,498.7713448581172,15.617812249264508,116790,7635.930596416154,57101489,2225.394757956673,16641502,,0.02707774798927614,0.0006977393245883338,,,,,,,,,,,,,,,,,,,,,,,,,,,,,,,,,,,,,,,,0
2011-08-10 10:56:00,2011-08-10 10:57:00,CTU13,6777,9168.433588473661,627.22096830574,19.050022133687474,129102,11180.644828095028,75771230,1070.8624760218386,7257235,,0.03156023114535487,0.0006244146113019045,,,,,,,,,,,,,,,,,,,,,,,,,,,,,,,,,,,,,,,,0
2011-08-10 10:57:00,2011-08-10 10:58:00,CTU13,7711,8650.668808181461,554.3165333999481,11.431072493839968,88145,5453.31993256387,42050550,716.0103747892621,5521156,,0.027391925223938726,0.00040749796251018743,,,,,,,,,,,,,,,,,,,,,,,,,,,,,,,,,,,,,,,,0
2011-08-10 10:58:00,2011-08-10 10:59:00,CTU13,6689,9938.179650721337,613.6992422249963,13.788458663477352,92231,8040.834055912693,53785139,811.9280908955001,5430987,,0.03118440779610195,0.0006371455877668047,,,,,,,,,,,,,,,,,,,,,,,,,,,,,,,,,,,,,,,,0
2011-08-10 10:59:00,2011-08-10 11:00:00,CTU13,7077,9227.047198494281,575.6049561534549,17.261975413310726,122163,10386.300551080967,73503849,1284.6885686025153,9091741,,0.030138551635480647,0.0002986857825567503,,,,,,,,,,,,,,,,,,,,,,,,,,,,,,,,,,,,,,,,0
2011-08-10 11:00:00,2011-08-10 11:01:00,CTU13,8054,8381.699910952804,500.1677266124907,23.71455177551527,190997,18010.79140799603,145058914,10241.75589769059,82487102,,0.025886745488487864,0.0,,,,,,,,,,,,,,,,,,,,,,,,,,,,,,,,,,,,,,,,0
2011-08-10 11:01:00,2011-08-10 11:02:00,CTU13,10305,11615.56752490875,354.88608764492966,8.068801552644347,83149,3804.934788937409,39209853,516.192916060165,5319368,,0.02241933911687299,0.0002608242044861763,,,,,,,,,,,,,,,,,,,,,,,,,,,,,,,,,,,,,,,,0
2011-08-10 11:02:00,2011-08-10 11:03:00,CTU13,6451,8865.421754826557,549.3918899764377,31.360254224151294,202305,22326.79305534026,144030142,1287.2842970082158,8304271,,0.03183229813664596,0.0006478781988986071,,,,,,,,,,,,,,,,,,,,,,,,,,,,,,,,,,,,,,,,0
2011-08-10 11:03:00,2011-08-10 11:04:00,CTU13,6263,9645.758452535762,603.6089930919687,65.24093884719782,408604,57419.013412102824,359615281,1940.453935813508,12153063,,0.031094726719025485,0.0,,,,,,,,,,,,,,,,,,,,,,,,,,,,,,,,,,,,,,,,1
2011-08-10 11:04:00,2011-08-10 11:05:00,CTU13,7206,9909.076333711691,540.4873791387732,17.501110185956147,126113,11799.817513183458,85029485,898.5795170691091,6475164,,0.028467255644369655,0.0002981070204203309,,,,,,,,,,,,,,,,,,,,,,,,,,,,,,,,,,,,,,,,0
2011-08-10 11:05:00,2011-08-10 11:06:00,CTU13,7200,12152.28478137422,573.5911411566667,33.56986111111111,241703,23771.034722222223,171151450,2908.749027777778,20942993,,0.029411764705882353,0.0001554001554001554,,,,,,,,,,,,,,,,,,,,,,,,,,,,,,,,,,,,,,,,1
2011-08-10 11:06:00,2011-08-10 11:07:00,CTU13,7694,10167.886141232479,511.93841407213415,22.802313491031974,175441,15378.677410969587,118323544,1495.4026514166883,11505628,,0.026621427639305754,0.0,,,,,,,,,,,,,,,,,,,,,,,,,,,,,,,,,,,,,,,,1
2011-08-10 11:07:00,2011-08-10 11:08:00,CTU13,6402,9302.255093981994,614.0393546044986,8.973133395813807,57446,3946.887691346454,25267975,521.7516401124649,3340254,,0.03221770409759149,0.0011471648639790233,,,,,,,,,,,,,,,,,,,,,,,,,,,,,,,,,,,,,,,,1
2011-08-10 11:08:00,2011-08-10 11:09:00,CTU13,7107,8837.314645308925,517.9397886676516,13.057126776417617,92797,8075.449134655973,57392217,647.7346278317152,4603450,,0.029208409764357273,0.00044829647340107593,,,,,,,,,,,,,,,,,,,,,,,,,,,,,,,,,,,,,,,,1
2011-08-10 11:09:00,2011-08-10 11:10:00,CTU13,7366,8583.649592710202,528.4871170920445,17.32921531360304,127647,10337.487102905241,76145930,917.3449633450991,6757163,,0.02777017783857729,0.0002852253280091272,,,,,,,,,,,,,,,,,,,,,,,,,,,,,,,,,,,,,,,,1
2011-08-10 11:10:00,2011-08-10 11:11:00,CTU13,7284,9317.561891515994,552.0252559279241,27.756864360241625,202181,22899.796814936846,166802120,1095.910626029654,7982613,,0.028508469907726208,0.00028665615594094884,,,,,,,,,,,,,,,,,,,,,,,,,,,,,,,,,,,,,,,,1
2011-08-10 11:11:00,2011-08-10 11:12:00,CTU13,7612,7920.619218979075,486.6945953124015,29.017603783499737,220882,27214.623751970572,207157716,904.0831581713085,6881881,,0.028224742811922974,0.0,,,,,,,,,,,,,,,,,,,,,,,,,,,,,,,,,,,,,,,,1
2011-08-10 11:12:00,2011-08-10 11:13:00,CTU13,7792,7981.369089260267,489.4073818909137,17.163116016427104,133735,10192.380775154004,79419031,3593.332392197125,27999246,,0.02697495183044316,0.0,,,,,,,,,,,,,,,,,,,,,,,,,,,,,,,,,,,,,,,,1
2011-08-10 11:13:00,2011-08-10 11:14:00,CTU13,8623,8245.267348859092,470.52257747767595,15.002319378406588,129365,9091.118752174418,78392717,999.0548532993158,8614850,,0.023696131954930887,0.00024301336573511544,,,,,,,,,,,,,,,,,,,,,,,,,,,,,,,,,,,,,,,,1
2011-08-10 11:14:00,2011-08-10 11:15:00,CTU13,7598,8365.93041616486,511.9169390369834,14.61884706501711,111074,8340.468544353776,63370880,758.57567780995,5763658,,0.028662420382165606,0.00041453641011468843,,,,,,,,,,,,,,,,,,,,,,,,,,,,,,,,,,,,,,,,1
2011-08-10 11:15:00,2011-08-10 11:16:00,CTU13,7498,7749.354485184684,468.9726929431848,10.245398773006135,76820,4468.440917578021,33504370,631.8885036009602,4737900,,0.026146419951729685,0.0006944444444444445,,,,,,,,,,,,,,,,,,,,,,,,,,,,,,,,,,,,,,,,1
2011-08-10 11:16:00,2011-08-10 11:17:00,CTU13,8133,7042.425632714126,441.5564175844092,12.44583794417804,101222,6429.322636173613,52289681,1092.2907906061723,8883601,,0.025182076286878165,0.0007714065312419646,,,,,,,,,,,,,,,,,,,,,,,,,,,,,,,,,,,,,,,,1
2011-08-10 11:17:00,2011-08-10 11:18:00,CTU13,8436,7109.914230953522,430.28929332159794,96.27287814129919,812158,99107.00723091513,836066713,2044.0109056424847,17243276,,0.02349311817750356,0.00037230081906180194,,,,,,,,,,,,,,,,,,,,,,,,,,,,,,,,,,,,,,,,1
2011-08-10 11:18:00,2011-08-10 11:19:00,CTU13,8264,7349.235771358328,449.9780511946999,16.735358180058082,138301,13031.661181026138,107693648,773.2575024201356,6390200,,0.025728155339805825,0.0003824091778202677,,,,,,,,,,,,,,,,,,,,,,,,,,,,,,,,,,,,,,,,1
2011-08-10 11:19:00,2011-08-10 11:20:00,CTU13,7054,8419.740424916896,500.8313156719592,9.604054437198753,67747,4892.321377941594,34510435,638.531187978452,4504199,,0.029927319367250963,0.0009078529278256923,,,,,,,,,,,,,,,,,,,,,,,,,,,,,,,,,,,,,,,,1
2011-08-10 11:20:00,2011-08-10 11:21:00,CTU13,7763,9986.58814229249,472.9589568687363,8.846193481901327,68673,3660.420456009275,28415844,668.7229163982996,5191296,,0.027730983542827523,0.0,,,,,,,,,,,,,,,,,,,,,,,,,,,,,,,,,,,,,,,,1
2011-08-10 11:21:00,2011-08-10 11:22:00,CTU13,7670,9950.44104686874,478.3347502496741,11.771838331160366,90290,6196.736245110821,47528967,833.1428943937418,6390206,,0.027519329052548815,0.00043184108248164676,,,,,,,,,,,,,,,,,,,,,,,,,,,,,,,,,,,,,,,,1
2011-08-10 11:22:00,2011-08-10 11:23:00,CTU13,6903,9867.015709881074,545.8909552691583,12.909025061567434,89111,7537.798058815008,52033420,1005.1970157902362,6938875,,0.030298637286169904,0.0,,,,,,,,,,,,,,,,,,,,,,,,,,,,,,,,,,,,,,,,1
2011-08-10 11:23:00,2011-08-10 11:24:00,CTU13,7515,8518.95343800758,516.0683216155688,9.880505655355956,74252,4181.577112441783,31424552,704.5096473719228,5294390,,0.02866284495400613,0.0005639362752009023,,,,,,,,,,,,,,,,,,,,,,,,,,,,,,,,,,,,,,,,1
2011-08-10 11:24:00,2011-08-10 11:25:00,CTU13,6185,9283.894216510134,562.2556450661277,11.781406628940987,72868,6268.262085691188,38769201,567.8493128536783,3512148,,0.03452768729641694,0.00034328870580157915,,,,,,,,,,,,,,,,,,,,,,,,,,,,,,,,,,,,,,,,1
2011-08-10 11:25:00,2011-08-10 11:26:00,CTU13,6782,8451.461993627674,497.89788359377764,14.18976703037452,96235,8456.2679150693,57350409,1016.5914184606311,6894523,,0.030537762550275585,0.0,,,,,,,,,,,,,,,,,,,,,,,,,,,,,,,,,,,,,,,,1
2011-08-10 11:26:00,2011-08-10 11:27:00,CTU13,7144,9033.618653736452,531.2000472779955,13.306270996640537,95060,8818.221584546473,62997375,672.2005879059351,4802201,,0.02961819202695115,0.0006034092623321768,,,,,,,,,,,,,,,,,,,,,,,,,,,,,,,,,,,,,,,,1
2011-08-10 11:27:00,2011-08-10 11:28:00,CTU13,6985,8301.104475443186,476.0224154057266,22.1092340730136,154433,16236.731997136721,113413573,934.888618468146,6530197,,0.02812858783008037,0.0,,,,,,,,,,,,,,,,,,,,,,,,,,,,,,,,,,,,,,,,1
2011-08-10 11:28:00,2011-08-10 11:29:00,CTU13,6803,8295.616181326928,484.7496466951345,17.544465676907247,119355,13116.792444509774,89233539,845.6677936204616,5753078,,0.030798703212496316,0.0,,,,,,,,,,,,,,,,,,,,,,,,,,,,,,,,,,,,,,,,1
2011-08-10 11:29:00,2011-08-10 11:30:00,CTU13,6270,8969.6398771022,516.3704225416268,8.729984051036682,54737,4516.796969696969,28320317,577.7551834130782,3622525,,0.03342395650087958,0.0005073566717402334,,,,,,,,,,,,,,,,,,,,,,,,,,,,,,,,,,,,,,,,1
2011-08-10 11:30:00,2011-08-10 11:31:00,CTU13,6548,9454.4071875,523.0127944957238,11.496182040317654,75277,5208.756261453879,34106936,2636.883628588882,17266314,,0.0331636587999383,0.0,,,,,,,,,,,,,,,,,,,,,,,,,,,,,,,,,,,,,,,,1
2011-08-10 11:31:00,2011-08-10 11:32:00,CTU13,6609,9139.009990777744,529.0479976253594,11.811469208654865,78062,7457.164170071115,49284398,561.869723104857,3713397,,0.031748442959137174,0.0004818503051718599,,,,,,,,,,,,,,,,,,,,,,,,,,,,,,,,,,,,,,,,1
2011-08-10 11:32:00,2011-08-10 11:33:00,CTU13,6551,8818.7675282464,505.3694314965654,10.902915585406808,71425,5329.947488932988,34916486,1179.8629216913448,7729282,,0.03047939960177669,0.0008087997411840828,,,,,,,,,,,,,,,,,,,,,,,,,,,,,,,,,,,,,,,,1
2011-08-10 11:33:00,2011-08-10 11:34:00,CTU13,6655,9577.65341690873,530.6682913208115,8.548760330578512,56892,3891.2054094665664,25895972,639.370848985725,4255013,,0.03147116398132811,0.0008045052292839903,,,,,,,,,,,,,,,,,,,,,,,,,,,,,,,,,,,,,,,,1
2011-08-10 11:34:00,2011-08-10 11:35:00,CTU13,7203,9879.95681110167,480.29132637873107,7.686380674718867,55365,3616.3127863390255,26048301,468.4209357212273,3374036,,0.02887029288702929,0.0004525569467491326,,,,,,,,,,,,,,,,,,,,,,,,,,,,,,,,,,,,,,,,1
2011-08-10 11:35:00,2011-08-10 11:36:00,CTU13,6454,9887.436660268713,481.73533229175706,8.882243569879146,57326,4636.929501084599,29926743,490.5994731949179,3166329,,0.03156743241131427,0.0,,,,,,,,,,,,,,,,,,,,,,,,,,,,,,,,,,,,,,,,1
2011-08-10 11:36:00,2011-08-10 11:37:00,CTU13,6682,10470.384756097561,510.70425876653695,8.148009577970667,54445,3666.226129901227,24497723,666.3820712361569,4452765,,0.030494216614090432,0.001302295295458245,,,,,,,,,,,,,,,,,,,,,,,,,,,,,,,,,,,,,,,,1
2011-08-10 11:37:00,2011-08-10 11:38:00,CTU13,7156,8818.432128628343,458.2877731743991,14.661961989938513,104921,9945.34963666853,71168922,800.9700950251537,5731742,,0.03028178886863872,0.0005995203836930455,,,,,,,,,,,,,,,,,,,,,,,,,,,,,,,,,,,,,,,,1
2011-08-10 11:38:00,2011-08-10 11:39:00,CTU13,6968,9372.148812126512,477.0226206126579,14.819316877152698,103261,10952.660160734787,76318136,879.2837256027555,6126849,,0.029035503809113124,0.00030627871362940275,,,,,,,,,,,,,,,,,,,,,,,,,,,,,,,,,,,,,,,,1
2011-08-10 11:39:00,2011-08-10 11:40:00,CTU13,6351,9176.643074459567,513.3885815144072,157.2895606991025,998946,129838.72382302,824605735,4531.234766178554,28777872,,0.03283864856330913,0.0,,,,,,,,,,,,,,,,,,,,,,,,,,,,,,,,,,,,,,,,1
2011-08-10 11:40:00,2011-08-10 11:41:00,CTU13,6429,8732.206354249405,494.31656692844916,31.195520298646755,200556,13237.5759838233,85104376,5955.4249494478145,38287427,,0.03226311667971809,0.0,,,,,,,,,,,,,,,,,,,,,,,,,,,,,,,,,,,,,,,,1
2011-08-10 11:41:00,2011-08-10 11:42:00,CTU13,6274,9277.926204081632,495.738239240357,12.155243863563914,76262,7042.398310487727,44184007,609.4767293592604,3823857,,0.03410728582866293,0.0003413551800648575,,,,,,,,,,,,,,,,,,,,,,,,,,,,,,,,,,,,,,,,1
2011-08-10 11:42:00,2011-08-10 11:43:00,CTU13,6271,9851.349128806383,521.9692120709616,13.483335991070005,84554,8620.779142082603,54060906,637.5691277308244,3998196,,0.03394715772618095,0.0,,,,,,,,,,,,,,,,,,,,,,,,,,,,,,,,,,,,,,,,1
2011-08-10 11:43:00,2011-08-10 11:44:00,CTU13,6687,10852.265560797443,521.4059167294752,47.75310303574099,319325,41793.24973829819,279471461,3365.043068640646,22502043,,0.03162470023980815,0.00081913499344692,,,,,,,,,,,,,,,,,,,,,,,,,,,,,,,,,,,,,,,,1
2011-08-10 11:44:00,2011-08-10 11:45:00,CTU13,7047,9718.511624548737,452.0837384108131,11.171278558251739,78724,6940.843195686108,48912122,1279.3136086277848,9015323,,0.030692362598144184,0.0006330115524608325,,,,,,,,,,,,,,,,,,,,,,,,,,,,,,,,,,,,,,,,1
2011-08-10 11:45:00,2011-08-10 11:46:00,CTU13,6475,8978.670670037927,478.15681158393824,15.831196911196912,102507,15287.504555984557,98986592,517.8117374517375,3352831,,0.03345262175198382,0.0006596306068601583,,,,,,,,,,,,,,,,,,,,,,,,,,,,,,,,,,,,,,,,1
2011-08-10 11:46:00,2011-08-10 11:47:00,CTU13,6359,9055.30798783416,479.6835529603711,43.62777166221104,277429,37186.44488127064,236468603,22771.28919641453,144802628,,0.03243157728207562,0.0003361344537815126,,,,,,,,,,,,,,,,,,,,,,,,,,,,,,,,,,,,,,,,1
2011-08-10 11:47:00,2011-08-10 11:48:00,CTU13,6714,9374.10460506252,615.1807461377718,39.99106344950849,268500,7622.707774798928,51178860,2596.586088769735,17433479,,0.0594044590752656,0.0003183192742320548,,,,,,,,,,,,,,,,,,,,,,,,,,,,,,,,,,,,,,,,1
2011-08-10 11:48:00,2011-08-10 11:49:00,CTU13,7002,10398.32252435655,635.5340187433591,20.42973436161097,143049,5426.588974578692,37996976,1361.0768351899458,9530260,,0.02922217447357112,0.0012370496366166692,,,,,,,,,,,,,,,,,,,,,,,,,,,,,,,,,,,,,,,,1
2011-08-10 11:49:00,2011-08-10 11:50:00,CTU13,6710,9086.673701791678,523.9607083888227,18.729508196721312,125675,7625.319225037258,51165892,1160.638002980626,7787881,,0.03092321481924111,0.0004841833440929632,,,,,,,,,,,,,,,,,,,,,,,,,,,,,,,,,,,,,,,,1
2011-08-10 11:50:00,2011-08-10 11:51:00,CTU13,7877,7705.11016291699,453.4692017129618,79.35292624095467,625063,74854.71207312429,589630567,2137.9721975371335,16840807,,0.026043661432401378,0.0006720430107526882,,,,,,,,,,,,,,,,,,,,,,,,,,,,,,,,,,,,,,,,1
2011-08-10 11:51:00,2011-08-10 11:52:00,CTU13,6731,10083.593354671544,565.2039385204279,13.555489526073393,91242,6495.062843559649,43718268,807.7157926013965,5436735,,0.031638926375768484,0.0,,,,,,,,,,,,,,,,,,,,,,,,,,,,,,,,,,,,,,,,1
2011-08-10 11:52:00,2011-08-10 11:53:00,CTU13,7729,8652.31159228941,476.5364421111399,16.031440031051883,123907,7650.439642903351,59130248,3025.3658946823653,23383053,,0.02629181309384355,0.0006966699177929497,,,,,,,,,,,,,,,,,,,,,,,,,,,,,,,,,,,,,,,,1
2011-08-10 11:53:00,2011-08-10 11:54:00,CTU13,7414,7886.416415042548,530.8725791613164,12.653763150795792,93815,6893.119908281629,51105591,756.521715673051,5608852,,0.027571293418029462,0.00042893909064912783,,,,,,,,,,,,,,,,,,,,,,,,,,,,,,,,,,,,,,,,1
2011-08-10 11:54:00,2011-08-10 11:55:00,CTU13,7113,8409.524094667808,551.3681827560804,15.71418529453114,111775,11162.388162519332,79398067,955.8658793757908,6799074,,0.02979805112272278,0.0,,,,,,,,,,,,,,,,,,,,,,,,,,,,,,,,,,,,,,,,1
2011-08-10 11:55:00,2011-08-10 11:56:00,CTU13,6927,8431.542365401589,551.384027673163,16.057889418218565,111233,9289.35036812473,64347330,4363.887252778981,30228647,,0.030434782608695653,0.0,,,,,,,,,,,,,,,,,,,,,,,,,,,,,,,,,,,,,,,,1
2011-08-10 11:56:00,2011-08-10 11:57:00,CTU13,6914,8682.098904352975,565.9382019032398,10.297801562048019,71199,4727.421608330923,32685393,672.6508533410472,4650708,,0.02959183673469388,0.0006119951040391676,,,,,,,,,,,,,,,,,,,,,,,,,,,,,,,,,,,,,,,,1
2011-08-10 11:57:00,2011-08-10 11:58:00,CTU13,7113,8675.143573577876,567.2976119748348,14.068466188668635,100069,7023.0888513988475,49955231,1020.6519049627443,7259897,,0.031170662905500704,0.0005971931919976113,,,,,,,,,,,,,,,,,,,,,,,,,,,,,,,,,,,,,,,,1
2011-08-10 11:58:00,2011-08-10 11:59:00,CTU13,6453,9265.656742281033,639.9365250503641,8.424453742445374,54363,2430.187044785371,15681997,570.2022315202231,3679515,,0.03250388802488336,0.0004979253112033195,,,,,,,,,,,,,,,,,,,,,,,,,,,,,,,,,,,,,,,,1
2011-08-10 11:59:00,2011-08-10 12:00:00,CTU13,6627,8679.33169984686,576.8702393552135,21.125848800362157,140001,16191.92319299834,107303875,924.7713897691264,6128460,,0.031476997578692496,0.0,,,,,,,,,,,,,,,,,,,,,,,,,,,,,,,,,,,,,,,,1
2011-08-10 12:00:00,2011-08-10 12:01:00,CTU13,7252,8368.052315009092,533.3469311802261,11.561362382790954,83843,5291.206012134584,38371826,820.5405405405405,5950560,,0.028606965174129355,0.0002896451846488052,,,,,,,,,,,,,,,,,,,,,,,,,,,,,,,,,,,,,,,,1
2011-08-10 12:01:00,2011-08-10 12:02:00,CTU13,6749,8916.655099257463,566.8170093182694,12.459327307749296,84088,7499.230256334272,50612305,638.4086531337975,4308620,,0.031833806605888505,0.0,,,,,,,,,,,,,,,,,,,,,,,,,,,,,,,,,,,,,,,,1
2011-08-10 12:02:00,2011-08-10 12:03:00,CTU13,6680,9968.245117638013,595.3717224462574,27.403892215568863,183058,18319.71871257485,122375721,1230.7461077844312,8221384,,0.033203125,0.00033025099075297226,,,,,,,,,,,,,,,,,,,,,,,,,,,,,,,,,,,,,,,,1
2011-08-10 12:03:00,2011-08-10 12:04:00,CTU13,7561,9548.64911089996,525.1480786954106,11.309218357360137,85509,5047.096548075651,38161097,769.6692236476656,5819469,,0.02869669190912714,0.00028989708653428034,,,,,,,,,,,,,,,,,,,,,,,,,,,,,,,,,,,,,,,,1
2011-08-10 12:04:00,2011-08-10 12:05:00,CTU13,6496,9256.77334584702,545.1815614679803,11.261853448275861,73157,5695.444581280788,36997608,749.212592364532,4866885,,0.03062645011600928,0.0006507239303725395,,,,,,,,,,,,,,,,,,,,,,,,,,,,,,,,,,,,,,,,1
2011-08-10 12:05:00,2011-08-10 12:06:00,CTU13,6828,9489.133502386634,569.0777208431458,11.89997070884593,81253,5834.609695371998,39838715,2510.7772407732864,17143587,,0.03065415077735406,0.0,,,,,,,,,,,,,,,,,,,,,,,,,,,,,,,,,,,,,,,,1
2011-08-10 12:06:00,2011-08-10 12:07:00,CTU13,7114,10559.27765789095,538.6382561608096,21.105847624402585,150147,13492.750632555524,95987428,884.4418048917627,6291919,,0.02988668555240793,0.0003040437823046519,,,,,,,,,,,,,,,,,,,,,,,,,,,,,,,,,,,,,,,,1
2011-08-10 12:07:00,2011-08-10 12:08:00,CTU13,7147,9447.907082798916,536.8174491818945,7.5290331607667556,53810,2429.88736532811,17366405,487.20735973135584,3482071,,0.0287800084234171,0.0005967477248992988,,,,,,,,,,,,,,,,,,,,,,,,,,,,,,,,,,,,,,,,1
2011-08-10 12:08:00,2011-08-10 12:09:00,CTU13,6762,8544.479867290001,557.9285696076605,10.271517302573203,69456,5434.119195504289,36745514,748.4556344276841,5061057,,0.03005058018446891,0.00046678076863233234,,,,,,,,,,,,,,,,,,,,,,,,,,,,,,,,,,,,,,,,1
2011-08-10 12:09:00,2011-08-10 12:10:00,CTU13,6517,9522.256230529594,590.0721098740217,10.403866809881848,67802,4534.729323308271,29552831,634.7374558846095,4136584,,0.03151421983089931,0.0008161932745674175,,,,,,,,,,,,,,,,,,,,,,,,,,,,,,,,,,,,,,,,1
2011-08-10 12:10:00,2011-08-10 12:11:00,CTU13,6362,9924.992170022371,578.9279298360578,8.759981138006916,55731,3250.460232631248,20679428,720.6735303363722,4584925,,0.03321788413098237,0.0,,,,,,,,,,,,,,,,,,,,,,,,,,,,,,,,,,,,,,,,1
2011-08-10 12:11:00,2011-08-10 12:12:00,CTU13,6225,9400.80768599113,586.2900784734137,14.550522088353414,90577,10539.047550200803,65605571,1503.0322891566266,9356376,,0.0325295355235475,0.0,,,,,,,,,,,,,,,,,,,,,,,,,,,,,,,,,,,,,,,,1
2011-08-10 12:12:00,2011-08-10 12:13:00,CTU13,5799,9304.820287820288,572.6872242407312,9.215554405932057,53441,4254.559406794275,24672190,564.1743404035178,3271647,,0.037549749091538326,0.0,,,,,,,,,,,,,,,,,,,,,,,,,,,,,,,,,,,,,,,,1
2011-08-10 12:13:00,2011-08-10 12:14:00,CTU13,7205,8078.209640938649,516.5986682992367,16.871061762664816,121556,14245.063428174879,102635682,3911.8946564885496,28185201,,0.028471737613398464,0.0005834305717619603,,,,,,,,,,,,,,,,,,,,,,,,,,,,,,,,,,,,,,,,1
2011-08-10 12:14:00,2011-08-10 12:15:00,CTU13,6728,9581.12392711941,574.7935832190844,12.061236623067776,81148,5626.295035671819,37853713,789.5112960760998,5311832,,0.031067961165048542,0.0007814942169427947,,,,,,,,,,,,,,,,,,,,,,,,,,,,,,,,,,,,,,,,1
2011-08-10 12:15:00,2011-08-10 12:16:00,CTU13,6549,9239.818449156477,543.4099771641472,14.118949457932509,92465,7284.152542372882,47703915,765.9531226141396,5016227,,0.031044502217464444,0.0,,,,,,,,,,,,,,,,,,,,,,,,,,,,,,,,,,,,,,,,1
2011-08-10 12:16:00,2011-08-10 12:17:00,CTU13,6284,9603.580901426718,588.8887291169638,8.916931890515595,56034,2987.2132399745387,18771648,590.0954805856143,3708160,,0.03329598207139427,0.0008434547908232119,,,,,,,,,,,,,,,,,,,,,,,,,,,,,,,,,,,,,,,,1
2011-08-10 12:17:00,2011-08-10 12:18:00,CTU13,6196,9476.656645309677,598.0390026977082,65.6213686249193,406590,76279.01549386702,472624780,1138.1857650096836,7052199,,0.0327496757457847,0.0005118580447022692,,,,,,,,,,,,,,,,,,,,,,,,,,,,,,,,,,,,,,,,1
2011-08-10 12:18:00,2011-08-10 12:19:00,CTU13,6721,9710.289993917275,516.4572881249815,10.083320934384764,67770,4572.219907751823,30729890,640.3063532212468,4303499,,0.032088768930874194,0.00031852205765249244,,,,,,,,,,,,,,,,,,,,,,,,,,,,,,,,,,,,,,,,1
2011-08-10 12:19:00,2011-08-10 12:20:00,CTU13,6765,9365.005114320096,519.7993013631929,10.026016260162601,67826,4355.392904656319,29464233,623.3325942350333,4216845,,0.032018974206937445,0.0009511731135066582,,,,,,,,,,,,,,,,,,,,,,,,,,,,,,,,,,,,,,,,1
2011-08-10 12:20:00,2011-08-10 12:21:00,CTU13,6782,7753.819928507596,464.93816042421116,10.293128870539665,69808,4791.345768209968,32494907,698.0318490120908,4734052,,0.02982870643827525,0.0,,,,,,,,,,,,,,,,,,,,,,,,,,,,,,,,,,,,,,,,1
2011-08-10 12:21:00,2011-08-10 12:22:00,CTU13,7581,9388.184991273996,498.15715328083365,16.018862946840787,121439,10235.26751088247,77593563,797.5422767444928,6046168,,0.02727393088838872,0.0005645730416372619,,,,,,,,,,,,,,,,,,,,,,,,,,,,,,,,,,,,,,,,1
2011-08-10 12:22:00,2011-08-10 12:23:00,CTU13,6845,10259.944129916566,510.0750096847334,635.0664718772827,4347030,632614.0683710738,4330243298,391093.6683710738,2677036160,,0.02866382478318389,0.0006292276230926538,,,,,,,,,,,,,,,,,,,,,,,,,,,,,,,,,,,,,,,,1
2011-08-10 12:23:00,2011-08-10 12:24:00,CTU13,6535,8994.719794744207,524.0252929677123,8.832593726090282,57721,3379.0448355011476,22082058,539.5178270849273,3525749,,0.03235248806039131,0.0,,,,,,,,,,,,,,,,,,,,,,,,,,,,,,,,,,,,,,,,1
2011-08-10 12:24:00,2011-08-10 12:25:00,CTU13,6438,9251.764317180618,547.0926783738739,10.67381174277726,68718,4296.5905560733145,27661450,687.2505436470954,4424519,,0.03200624512099922,0.0001621796951021732,,,,,,,,,,,,,,,,,,,,,,,,,,,,,,,,,,,,,,,,1
2011-08-10 12:25:00,2011-08-10 12:26:00,CTU13,7146,8141.298896122275,484.7187840155332,12.202770780856422,87201,5869.562692415338,41943895,653.6978729359082,4671325,,0.028747721217220586,0.0005819874872690237,,,,,,,,,,,,,,,,,,,,,,,,,,,,,,,,,,,,,,,,1
2011-08-10 12:26:00,2011-08-10 12:27:00,CTU13,6585,8991.294090489382,499.43731589309033,15.037205770690964,99020,10163.928929384965,66929472,1574.5334851936218,10368303,,0.03184519274721926,0.0,,,,,,,,,,,,,,,,,,,,,,,,,,,,,,,,,,,,,,,,1
2011-08-10 12:27:00,2011-08-10 12:28:00,CTU13,6906,8425.279049295774,473.3495284242687,24.09165942658558,166377,17312.136403127715,119557614,4045.937590501014,27941245,,0.031336539862993736,0.0003022061045633122,,,,,,,,,,,,,,,,,,,,,,,,,,,,,,,,,,,,,,,,1
2011-08-10 12:28:00,2011-08-10 12:29:00,CTU13,6885,8379.130633284241,488.398005221496,15.355700798838054,105724,9697.221350762527,66765369,1946.2303558460421,13399796,,0.030466472303206996,0.0004589261128958238,,,,,,,,,,,,,,,,,,,,,,,,,,,,,,,,,,,,,,,,1
2011-08-10 12:29:00,2011-08-10 12:30:00,CTU13,7082,8351.80223880597,466.9510271992375,11.466958486303303,81209,5851.560717311494,41440753,2654.8712228184127,18801798,,0.02820694542877392,0.0004489673750374139,,,,,,,,,,,,,,,,,,,,,,,,,,,,,,,,,,,,,,,,1
2011-08-10 12:30:00,2011-08-10 12:31:00,CTU13,7296,7855.0301724137935,435.7123935371436,10.625137061403509,77521,5489.441611842105,40050966,658.5180921052631,4804548,,0.028434065934065934,0.00043390222736476716,,,,,,,,,,,,,,,,,,,,,,,,,,,,,,,,,,,,,,,,1
2011-08-10 12:31:00,2011-08-10 12:32:00,CTU13,7832,8038.951991695861,441.21497973097553,40.353932584269664,316052,33405.47280388151,261631663,12923.37397854954,101215865,,0.027037416709379807,0.0002704530087897228,,,,,,,,,,,,,,,,,,,,,,,,,,,,,,,,,,,,,,,,1
2011-08-10 12:32:00,2011-08-10 12:33:00,CTU13,6524,10436.516027159325,485.81539180916616,25.173513182096872,164232,15963.062231759657,104143018,4953.098099325567,32314012,,0.03475440222428174,0.0006780810306831666,,,,,,,,,,,,,,,,,,,,,,,,,,,,,,,,,,,,,,,,1
2011-08-10 12:33:00,2011-08-10 12:34:00,CTU13,7565,8937.17105970952,393.3937246159947,43.36589557171183,328063,43181.74249834765,326669882,2711.506807666887,20512549,,0.027446300715990454,0.00042893909064912783,,,,,,,,,,,,,,,,,,,,,,,,,,,,,,,,,,,,,,,,1
2011-08-10 12:34:00,2011-08-10 12:35:00,CTU13,7004,8131.4879044010495,421.9724609104797,28.261422044545974,197943,22481.77113078241,157462325,12196.848657909766,85426728,,0.02935251798561151,0.0003039975680194558,,,,,,,,,,,,,,,,,,,,,,,,,,,,,,,,,,,,,,,,1
2011-08-10 12:35:00,2011-08-10 12:36:00,CTU13,7679,8728.380535666933,397.1382094228415,10.034249251204583,77053,5304.61231931241,40734118,593.5483786951426,4557858,,0.02727747324458366,0.0,,,,,,,,,,,,,,,,,,,,,,,,,,,,,,,,,,,,,,,,1
2011-08-10 12:36:00,2011-08-10 12:37:00,CTU13,7656,8610.905590227061,393.4189520933908,12.630355276907,96698,7371.379702194357,56435283,1610.6880877742947,12331428,,0.027596128694742348,0.0007027406886858749,,,,,,,,,,,,,,,,,,,,,,,,,,,,,,,,,,,,,,,,1
2011-08-10 12:37:00,2011-08-10 12:38:00,CTU13,6942,8695.252893772893,425.62813943906656,11.353932584269662,78819,5977.379429559205,41494968,1558.613079804091,10819892,,0.029454439930354032,0.000306044376434583,,,,,,,,,,,,,,,,,,,,,,,,,,,,,,,,,,,,,,,,1
2011-08-10 12:38:00,2011-08-10 12:39:00,CTU13,6611,8134.216054128864,419.66066287732565,9.39751928603842,62127,4013.923309635456,26536047,620.8490394796552,4104433,,0.031914893617021274,0.00048,,,,,,,,,,,,,,,,,,,,,,,,,,,,,,,,,,,,,,,,1
2011-08-10 12:39:00,2011-08-10 12:40:00,CTU13,7215,8266.982948139797,426.9699939223839,10.662370062370062,76929,4730.258073458073,34128812,750.5282051282052,5415061,,0.02866286350354807,0.0,,,,,,,,,,,,,,,,,,,,,,,,,,,,,,,,,,,,,,,,1
2011-08-10 12:40:00,2011-08-10 12:41:00,CTU13,6711,9071.64613288936,439.1096017931754,9.334376396960215,62643,4208.109223662644,28240621,757.9746684547757,5086768,,0.030615292712066904,0.0,,,,,,,,,,,,,,,,,,,,,,,,,,,,,,,,,,,,,,,,1
2011-08-10 12:41:00,2011-08-10 12:42:00,CTU13,6409,9212.139549635269,499.67480329474176,13.125136526759245,84119,6818.722889686379,43701195,2053.395225464191,13160210,,0.03329685790214163,0.0005047955577990914,,,,,,,,,,,,,,,,,,,,,,,,,,,,,,,,,,,,,,,,1
2011-08-10 12:42:00,2011-08-10 12:43:00,CTU13,7404,12665.350440286185,794.6600845902215,9.404781199351701,69633,3810.9028903295516,28215925,841.5367368989736,6230738,,0.029903493271714012,0.0,,,,,,,,,,,,,,,,,,,,,,,,,,,,,,,,,,,,,,,,1
2011-08-10 12:43:00,2011-08-10 12:44:00,CTU13,6493,9415.516516048614,513.6708813357462,16.09841367626675,104527,8007.416756507007,51992157,945.7643616202064,6140848,,0.03094538140182578,0.0008285004142502071,,,,,,,,,,,,,,,,,,,,,,,,,,,,,,,,,,,,,,,,1
2011-08-10 12:44:00,2011-08-10 12:45:00,CTU13,6559,9116.290362565851,452.6173650013722,20.51349291050465,134548,15026.600853788686,98559475,5409.6758652233575,35482064,,0.03221828271928472,0.0004903563255966002,,,,,,,,,,,,,,,,,,,,,,,,,,,,,,,,,,,,,,,,1
2011-08-10 12:45:00,2011-08-10 12:46:00,CTU13,7221,9010.017985106084,441.6480853762637,10.294972995429996,74340,5561.365738817339,40158622,712.4567234455062,5144650,,0.030833333333333334,0.0004453681710213777,,,,,,,,,,,,,,,,,,,,,,,,,,,,,,,,,,,,,,,,1
2011-08-10 12:46:00,2011-08-10 12:47:00,CTU13,6634,8889.502285191957,481.26483984157375,18.963973470003015,125807,11674.624811576727,77449461,6509.37187217365,43183173,,0.03201933242712581,0.0003213883978788366,,,,,,,,,,,,,,,,,,,,,,,,,,,,,,,,,,,,,,,,1
2011-08-10 12:47:00,2011-08-10 12:48:00,CTU13,7580,16027.097332082049,466.4428512126649,38.49023746701847,291756,11463.946701846966,86896716,4832.725461741425,36632059,,0.028385727550072955,0.0,,,,,,,,,,,,,,,,,,,,,,,,,,,,,,,,,,,,,,,,1
2011-08-10 12:48:00,2011-08-10 12:49:00,CTU13,6478,9092.58510638298,564.7174026253474,21.95507872800247,142225,6535.723371410929,42338416,1539.489502933004,9972813,,0.061801242236024845,0.00016283992835043154,,,,,,,,,,,,,,,,,,,,,,,,,,,,,,,,,,,,,,,,1
2011-08-10 12:49:00,2011-08-10 12:50:00,CTU13,6679,9243.19589977221,573.7572826493487,20.579128612067674,137448,7697.935469381644,51414511,1910.6956131157358,12761536,,0.030403371462974112,0.0006369426751592356,,,,,,,,,,,,,,,,,,,,,,,,,,,,,,,,,,,,,,,,1
2011-08-10 12:50:00,2011-08-10 12:51:00,CTU13,6860,9421.219817432273,541.3984593533528,19.852915451895043,136191,10966.68469387755,75231457,1536.760058309038,10542174,,0.03128654970760234,0.0,,,,,,,,,,,,,,,,,,,,,,,,,,,,,,,,,,,,,,,,1
2011-08-10 12:51:00,2011-08-10 12:52:00,CTU13,7009,10322.856687436604,497.0289238527607,15.833071764873734,110974,8859.848195177628,62098676,1058.8684548437723,7421609,,0.030012862655423755,0.0009325458501709667,,,,,,,,,,,,,,,,,,,,,,,,,,,,,,,,,,,,,,,,1
2011-08-10 12:52:00,2011-08-10 12:53:00,CTU13,7533,8589.711592836946,406.9739750057082,96.96946767556086,730471,98940.11084561264,745315855,2338.5361741669985,17616193,,0.02797016515716569,0.00014277555682467162,,,,,,,,,,,,,,,,,,,,,,,,,,,,,,,,,,,,,,,,1
2011-08-10 12:53:00,2011-08-10 12:54:00,CTU13,6965,9282.532584924917,487.65926654903086,18.299928212491025,127459,15659.643072505383,109069414,1045.081407035176,7278992,,0.02937346259586167,0.001070172756459257,,,,,,,,,,,,,,,,,,,,,,,,,,,,,,,,,,,,,,,,1
2011-08-10 12:54:00,2011-08-10 12:55:00,CTU13,6995,8736.96849593496,497.1369220025733,10.78699070764832,75455,4983.617869907076,34860407,924.7758398856326,6468807,,0.029725829725829725,0.0006035913686434284,,,,,,,,,,,,,,,,,,,,,,,,,,,,,,,,,,,,,,,,1
2011-08-10 12:55:00,2011-08-10 12:56:00,CTU13,6744,9569.060183100706,545.341463268535,80.74569988137604,544549,83678.04848754448,564324759,38861.01897983393,262078712,,0.032387461001337096,0.0003167564143173899,,,,,,,,,,,,,,,,,,,,,,,,,,,,,,,,,,,,,,,,1
2011-08-10 12:56:00,2011-08-10 12:57:00,CTU13,6890,8667.810013213919,510.12612767648767,11.98577648766328,82582,5742.449056603774,39565474,1371.1721335268505,9447376,,0.029818181818181817,0.0004631773969430292,,,,,,,,,,,,,,,,,,,,,,,,,,,,,,,,,,,,,,,,1
2011-08-10 12:57:00,2011-08-10 12:58:00,CTU13,7393,7964.132194121667,457.5107515572839,21.263627755985393,157202,13708.179358852969,101344570,3263.5635060192076,24127525,,0.02779284164859002,0.000285591889190347,,,,,,,,,,,,,,,,,,,,,,,,,,,,,,,,,,,,,,,,1
2011-08-10 12:58:00,2011-08-10 12:59:00,CTU13,7473,8161.687117398993,479.9416466562291,12.33105847718453,92150,5573.648066372273,41651872,800.4046567643517,5981424,,0.027140156629759653,0.00099361249112846,,,,,,,,,,,,,,,,,,,,,,,,,,,,,,,,,,,,,,,,1
2011-08-10 12:59:00,2011-08-10 13:00:00,CTU13,7050,9687.375880408223,570.1332980692198,16.38340425531915,115503,8698.820283687943,61326683,1027.1141843971632,7241155,,0.029888983774551667,0.0007567731194187983,,,,,,,,,,,,,,,,,,,,,,,,,,,,,,,,,,,,,,,,1
2011-08-10 13:00:00,2011-08-10 13:01:00,CTU13,6747,9267.04557761733,544.2898358062843,58.460649177412186,394434,52352.88365199348,353224906,2792.686823773529,18842258,,0.030654761904761903,0.0,,,,,,,,,,,,,,,,,,,,,,,,,,,,,,,,,,,,,,,,1
2011-08-10 13:01:00,2011-08-10 13:02:00,CTU13,7742,9492.56150222455,532.1439767095067,207.16416946525445,1603865,203959.08809093258,1579051260,195488.0877034358,1513468775,,0.02641118591403418,0.0,,,,,,,,,,,,,,,,,,,,,,,,,,,,,,,,,,,,,,,,1
2011-08-10 13:02:00,2011-08-10 13:03:00,CTU13,7190,8697.886095505619,515.3806696709319,28.191098748261474,202694,21419.77816411683,154008205,1595.8678720445062,11474290,,0.0285555091238334,0.0,,,,,,,,,,,,,,,,,,,,,,,,,,,,,,,,,,,,,,,,1
2011-08-10 13:03:00,2011-08-10 13:04:00,CTU13,7382,8966.835959983555,514.3292144659983,8.558385261446762,63178,2788.8893253860742,20587581,869.2293416418315,6416651,,0.028959891230455472,0.0002915026963999417,,,,,,,,,,,,,,,,,,,,,,,,,,,,,,,,,,,,,,,,1
2011-08-10 13:04:00,2011-08-10 13:05:00,CTU13,7344,8406.89943518391,499.07039734912854,12.123774509803921,89037,6065.093409586057,44542046,2426.5507897603484,17820589,,0.028286417053839847,0.0,,,,,,,,,,,,,,,,,,,,,,,,,,,,,,,,,,,,,,,,1
2011-08-10 13:05:00,2011-08-10 13:06:00,CTU13,6771,8290.808768517132,490.17056633215185,18.67006350612908,126415,10924.286220646876,73968342,1014.5141042682026,6869275,,0.030213270142180094,0.0003143171460003143,,,,,,,,,,,,,,,,,,,,,,,,,,,,,,,,,,,,,,,,1
2011-08-10 13:06:00,2011-08-10 13:07:00,CTU13,7192,8568.388303106987,494.36422670494994,42.774471635150164,307634,35127.19660734149,252634798,1376.8891824249165,9902587,,0.028428093645484948,0.0004433934377771209,,,,,,,,,,,,,,,,,,,,,,,,,,,,,,,,,,,,,,,,1
2011-08-10 13:07:00,2011-08-10 13:08:00,CTU13,8037,10006.240448871516,492.2248319710091,25.577951972128904,205570,19462.172452407616,156417480,1799.8348886400397,14465273,,0.025797607178464608,0.0008227067050596463,,,,,,,,,,,,,,,,,,,,,,,,,,,,,,,,,,,,,,,,1
2011-08-10 13:08:00,2011-08-10 13:09:00,CTU13,7331,9812.258257008049,492.2798884884736,8.669758559541672,63558,3338.7694721047606,24476519,598.7828399945437,4389677,,0.027252807450013693,0.00029994001199760045,,,,,,,,,,,,,,,,,,,,,,,,,,,,,,,,,,,,,,,,1
2011-08-10 13:09:00,2011-08-10 13:10:00,CTU13,8511,7444.475318187225,423.4881560260839,14.885089883679944,126687,8627.194689225707,73426054,1916.4014804370813,16310493,,0.024982323827480557,0.0008720568082720817,,,,,,,,,,,,,,,,,,,,,,,,,,,,,,,,,,,,,,,,1
2011-08-10 13:10:00,2011-08-10 13:11:00,CTU13,8006,8232.871584008097,451.19121679440417,13.028728453659756,104308,6615.618411191606,52964641,787.9164376717462,6308059,,0.026414621932899347,0.00040257648953301127,,,,,,,,,,,,,,,,,,,,,,,,,,,,,,,,,,,,,,,,1
2011-08-10 13:11:00,2011-08-10 13:12:00,CTU13,7661,8016.521905515967,467.62443679506595,38.819997389374755,297400,38339.128834355826,293716066,1763.2643258060305,13508368,,0.02733455401517133,0.0,,,,,,,,,,,,,,,,,,,,,,,,,,,,,,,,,,,,,,,,1
2011-08-10 13:12:00,2011-08-10 13:13:00,CTU13,7385,8310.747872632446,479.09309307758974,22.450236966824644,165795,17298.180230196343,127747061,9056.34624238321,66881117,,0.027777777777777776,0.0,,,,,,,,,,,,,,,,,,,,,,,,,,,,,,,,,,,,,,,,1
2011-08-10 13:13:00,2011-08-10 13:14:00,CTU13,7478,8048.337298904961,463.6017328603905,11.791388071676918,88176,6089.891548542391,45540209,755.7782829633592,5651710,,0.029498525073746312,0.00028764562059542645,,,,,,,,,,,,,,,,,,,,,,,,,,,,,,,,,,,,,,,,1
2011-08-10 13:14:00,2011-08-10 13:15:00,CTU13,7412,7858.986504907307,458.8814566434161,13.32595790609822,98772,7071.317728008635,52412607,750.9809767943875,5566271,,0.02893064755982155,0.00043060140663126167,,,,,,,,,,,,,,,,,,,,,,,,,,,,,,,,,,,,,,,,1
2011-08-10 13:15:00,2011-08-10 13:16:00,CTU13,8799,6758.2053324099725,381.84661747959996,14.399136265484714,126698,10504.362882145699,92427889,6868.936356404137,60439771,,0.02357630979498861,0.00024113817217265494,,,,,,,,,,,,,,,,,,,,,,,,,,,,,,,,,,,,,,,,1
2011-08-10 13:16:00,2011-08-10 13:17:00,CTU13,8221,7840.971393034826,455.5713681694441,9.671694441065563,79511,3996.7102542269795,32856955,683.4175891010826,5618376,,0.02508218677706076,0.0,,,,,,,,,,,,,,,,,,,,,,,,,,,,,,,,,,,,,,,,1
2011-08-10 13:17:00,2011-08-10 13:18:00,CTU13,7889,7624.290231724491,418.5765262675878,10.42033210799848,82206,4973.460514640639,39235630,1095.2078843959944,8640095,,0.02526663280853225,0.00041022836045398605,,,,,,,,,,,,,,,,,,,,,,,,,,,,,,,,,,,,,,,,1
2011-08-10 13:18:00,2011-08-10 13:19:00,CTU13,7645,7601.638819012313,451.83725109574885,13.042249836494442,99708,7278.324395029431,55642790,885.477828646174,6769478,,0.027686655294580764,0.0008894159501927068,,,,,,,,,,,,,,,,,,,,,,,,,,,,,,,,,,,,,,,,1
2011-08-10 13:19:00,2011-08-10 13:20:00,CTU13,13295,13955.817518802705,275.39684076419707,7.52591199699135,100057,2962.2009025949606,39382461,928.051222264009,12338441,,0.01778179626280892,0.0,,,,,,,,,,,,,,,,,,,,,,,,,,,,,,,,,,,,,,,,1
2011-08-10 13:20:00,2011-08-10 13:21:00,CTU13,7174,9088.130440927078,496.34571620936714,12.146640646780039,87140,6710.514218009479,48141229,1164.62001672707,8354984,,0.02933780385582565,0.0009053870529651426,,,,,,,,,,,,,,,,,,,,,,,,,,,,,,,,,,,,,,,,1
2011-08-10 13:21:00,2011-08-10 13:22:00,CTU13,7285,8787.884556681005,419.4924044833219,13.303637611530542,96917,7113.998627316403,51825480,1026.502676733013,7478072,,0.02928237558427275,0.00029568302779420464,,,,,,,,,,,,,,,,,,,,,,,,,,,,,,,,,,,,,,,,1
2011-08-10 13:22:00,2011-08-10 13:23:00,CTU13,7544,8938.603459836395,456.0298717953341,11.031283138918345,83220,5940.718849416755,44816783,807.6248674443266,6092722,,0.02826058113307682,0.000718803910293272,,,,,,,,,,,,,,,,,,,,,,,,,,,,,,,,,,,,,,,,1
2011-08-10 13:23:00,2011-08-10 13:24:00,CTU13,6539,9296.271587743733,529.7701513739104,15.697660192690014,102647,7686.204618443187,50260092,806.4844777488913,5273602,,0.03097209444955535,0.0,,,,,,,,,,,,,,,,,,,,,,,,,,,,,,,,,,,,,,,,1
2011-08-10 13:24:00,2011-08-10 13:25:00,CTU13,8065,7071.192298043151,420.2753814699318,10.255300681959083,82709,4658.450712957223,37570405,1093.4205827650342,8818437,,0.026515623054898543,0.0002611306959133046,,,,,,,,,,,,,,,,,,,,,,,,,,,,,,,,,,,,,,,,1
2011-08-10 13:25:00,2011-08-10 13:26:00,CTU13,7005,8378.179676206997,475.7063487551749,9.450107066381156,66198,4277.712348322627,29965375,651.5713062098501,4564257,,0.029921259842519685,0.00030316810671517357,,,,,,,,,,,,,,,,,,,,,,,,,,,,,,,,,,,,,,,,1
2011-08-10 13:26:00,2011-08-10 13:27:00,CTU13,8840,7383.018757863433,419.86079097194573,9.091402714932126,80368,3521.0233031674206,31125846,1131.9214932126697,10006186,,0.023450776028095616,0.00047841167324482717,,,,,,,,,,,,,,,,,,,,,,,,,,,,,,,,,,,,,,,,1
2011-08-10 13:27:00,2011-08-10 13:28:00,CTU13,7829,7866.614082687339,420.51132725086217,20.95337846468259,164044,14453.890407459445,113159508,3546.4911227487546,27765479,,0.026332608973539562,0.0,,,,,,,,,,,,,,,,,,,,,,,,,,,,,,,,,,,,,,,,1
2011-08-10 13:28:00,2011-08-10 13:29:00,CTU13,7585,8258.095842801764,442.12968822966377,10.004746209624258,75886,4041.466051417271,30654520,622.8837178642057,4724573,,0.02827321971198309,0.00028555111364934324,,,,,,,,,,,,,,,,,,,,,,,,,,,,,,,,,,,,,,,,1
2011-08-10 13:29:00,2011-08-10 13:30:00,CTU13,7706,8556.81928345627,459.0033848425902,22.81754477030885,175832,19355.690500908382,149154951,784.179081235401,6042884,,0.027357998957790515,0.00014007564084605686,,,,,,,,,,,,,,,,,,,,,,,,,,,,,,,,,,,,,,,,1
2011-08-10 13:30:00,2011-08-10 13:31:00,CTU13,7087,8775.149371069183,484.3772696471003,21.26174686044871,150682,16872.979540002823,119578806,996.7182164526598,7063742,,0.029814893316376996,0.0,,,,,,,,,,,,,,,,,,,,,,,,,,,,,,,,,,,,,,,,1
2011-08-10 13:31:00,2011-08-10 13:32:00,CTU13,6868,8145.991750147319,460.7918387399534,10.051252184041934,69032,4810.438846825859,33038094,1411.9663657542226,9697385,,0.03040491156263704,0.0003083564600678384,,,,,,,,,,,,,,,,,,,,,,,,,,,,,,,,,,,,,,,,1
2011-08-10 13:32:00,2011-08-10 13:33:00,CTU13,8083,8356.794926268432,455.04087384708646,67.18297661759247,543040,69230.38822219473,559589228,11055.669058517877,89362973,,0.025986882811533225,0.0001319609395618897,,,,,,,,,,,,,,,,,,,,,,,,,,,,,,,,,,,,,,,,1
2011-08-10 13:33:00,2011-08-10 13:34:00,CTU13,7357,7988.609078404402,444.47287349490284,25.264238140546418,185869,15297.472882968601,112543508,2406.9479407367135,17707916,,0.02819779321618308,0.0002891008962127783,,,,,,,,,,,,,,,,,,,,,,,,,,,,,,,,,,,,,,,,1
2011-08-10 13:34:00,2011-08-10 13:35:00,CTU13,6714,8341.350226244344,483.21121279758717,37.715668751861784,253223,33042.08072683944,221844530,12047.151772415848,80884577,,0.030185295875672445,0.0,,,,,,,,,,,,,,,,,,,,,,,,,,,,,,,,,,,,,,,,1
2011-08-10 13:35:00,2011-08-10 13:36:00,CTU13,9217,13087.973242680118,343.46022423792994,7.382879461863947,68048,3514.586307909298,32393942,426.40978626451124,3930219,,0.021951749619647902,0.0009448446911538916,,,,,,,,,,,,,,,,,,,,,,,,,,,,,,,,,,,,,,,,1
2011-08-10 13:36:00,2011-08-10 13:37:00,CTU13,7933,10049.993982074264,424.04171255010715,24.586537249464264,195045,19635.51947560822,155768576,4153.334803983361,32948405,,0.026777819881268157,0.000827357970215113,,,,,,,,,,,,,,,,,,,,,,,,,,,,,,,,,,,,,,,,1
2011-08-10 13:37:00,2011-08-10 13:38:00,CTU13,8663,11143.075268817205,429.7351439466698,26.763361422140136,231851,21436.58236176844,185705113,5225.102851206279,45265066,,0.024364896073903002,0.0011422769386978044,,,,,,,,,,,,,,,,,,,,,,,,,,,,,,,,,,,,,,,,1
2011-08-10 13:38:00,2011-08-10 13:39:00,CTU13,7462,8669.877706659403,456.6442553968105,202.36719378182792,1510064,200742.5805414098,1497941136,4795.066872152238,35780789,,0.027415669936836445,0.0002914602156805596,,,,,,,,,,,,,,,,,,,,,,,,,,,,,,,,,,,,,,,,1
2011-08-10 13:39:00,2011-08-10 13:40:00,CTU13,7397,8440.966310599835,425.44260656103825,62.36460727321887,461311,66240.87224550493,489983732,1858.619169933757,13748206,,0.028199566160520606,0.000437636761487965,,,,,,,,,,,,,,,,,,,,,,,,,,,,,,,,,,,,,,,,1
2011-08-10 13:40:00,2011-08-10 13:41:00,CTU13,7321,8434.724343841133,448.5509214799891,25.078131402813824,183597,18088.676820106542,132427203,1883.749214588171,13790928,,0.02891203069334064,0.0008873114463176575,,,,,,,,,,,,,,,,,,,,,,,,,,,,,,,,,,,,,,,,1
2011-08-10 13:41:00,2011-08-10 13:42:00,CTU13,6753,8782.617478941034,493.8989601048423,46.68665778172664,315275,42622.23500666371,287827953,1470.5729305493855,9930779,,0.031050363987520428,0.0,,,,,,,,,,,,,,,,,,,,,,,,,,,,,,,,,,,,,,,,1
2011-08-10 13:42:00,2011-08-10 13:43:00,CTU13,7226,8513.566116857703,450.8340803697758,384.21436479380014,2776333,466911.48934403545,3373902422,9868.547190700248,71310122,,0.028247022985322626,0.00029308323563892143,,,,,,,,,,,,,,,,,,,,,,,,,,,,,,,,,,,,,,,,1
2011-08-10 13:43:00,2011-08-10 13:44:00,CTU13,6846,8810.186822970767,464.5207545303827,25.777826468010517,176475,16025.326614081216,109709386,1543.710341805434,10568241,,0.030631686941228198,0.000630715862503942,,,,,,,,,,,,,,,,,,,,,,,,,,,,,,,,,,,,,,,,1
2011-08-10 13:44:00,2011-08-10 13:45:00,CTU13,6701,9400.649191720804,510.7213390871512,18.52141471422176,124112,12078.009401581854,80934741,5768.519474705268,38654849,,0.028751123090745734,0.0006348198698619266,,,,,,,,,,,,,,,,,,,,,,,,,,,,,,,,,,,,,,,,1
2011-08-10 13:45:00,2011-08-10 13:46:00,CTU13,7473,8680.976138828633,482.2851553277131,17.996654623310583,134489,12513.615281680717,93514247,835.8475846380303,6246289,,0.028816512531832195,0.00014232849416453175,,,,,,,,,,,,,,,,,,,,,,,,,,,,,,,,,,,,,,,,1
2011-08-10 13:46:00,2011-08-10 13:47:00,CTU13,6684,9640.745342571208,498.3333678230102,52.78620586475164,352823,19256.00463794135,128707135,6901.6026331538005,46130312,,0.030385900941962928,0.00048410521219945134,,,,,,,,,,,,,,,,,,,,,,,,,,,,,,,,,,,,,,,,1
2011-08-10 13:47:00,2011-08-10 13:48:00,CTU13,7693,8369.58274904088,444.83200494891463,168.29143377096062,1294666,116698.9265566099,897764842,9744.269595736383,74962666,,0.025339602925809824,0.0002772002772002772,,,,,,,,,,,,,,,,,,,,,,,,,,,,,,,,,,,,,,,,1
2011-08-10 13:48:00,2011-08-10 13:49:00,CTU13,10903,5665.668887655006,341.35139785673664,36.133632945060995,393965,14817.488672842337,161555079,11648.96101990278,127008622,,0.03666942376619796,0.0,,,,,,,,,,,,,,,,,,,,,,,,,,,,,,,,,,,,,,,,1
2011-08-10 13:49:00,2011-08-10 13:50:00,CTU13,13312,4533.491498526411,289.5180261371695,20.32774939903846,270603,12611.375075120191,167882625,964.4592848557693,12838882,,0.015423971108268753,0.00030945381401825775,,,,,,,,,,,,,,,,,,,,,,,,,,,,,,,,,,,,,,,,1
2011-08-10 13:50:00,2011-08-10 13:51:00,CTU13,12204,5101.989843943523,302.18521964233037,13.686823992133727,167034,5435.185267125533,66331001,795.8335791543756,9712353,,0.0174919931017492,0.0,,,,,,,,,,,,,,,,,,,,,,,,,,,,,,,,,,,,,,,,1
2011-08-10 13:51:00,2011-08-10 13:52:00,CTU13,12539,5900.214838709678,306.40553155331366,11.613366297152883,145620,4262.001036765292,53441231,907.4864024244357,11378972,,0.016752164155177943,0.00016736401673640169,,,,,,,,,,,,,,,,,,,,,,,,,,,,,,,,,,,,,,,,1
2011-08-10 13:52:00,2011-08-10 13:53:00,CTU13,11831,5824.445032434278,292.0510819888429,17.64922660806356,208808,11971.76333361508,141637932,1221.6138111740343,14452913,,0.01747095242133831,0.00026721296873608263,,,,,,,,,,,,,,,,,,,,,,,,,,,,,,,,,,,,,,,,1
2011-08-10 13:53:00,2011-08-10 13:54:00,CTU13,10437,5972.587042579898,344.66338495381814,27.632173996359107,288397,22204.822650186834,231751734,943.5203602567788,9847522,,0.02015355086372361,0.0,,,,,,,,,,,,,,,,,,,,,,,,,,,,,,,,,,,,,,,,1
2011-08-10 13:54:00,2011-08-10 13:55:00,CTU13,10643,5642.420494364997,338.9068480359861,10.662689091421592,113483,4100.303861693132,43639534,903.2656205956966,9613456,,0.019842016174534512,0.00029319781078967946,,,,,,,,,,,,,,,,,,,,,,,,,,,,,,,,,,,,,,,,1
2011-08-10 13:55:00,2011-08-10 13:56:00,CTU13,11515,5546.357098955132,332.1982068857143,17.11237516283109,197049,10990.15918367347,126551683,990.2223187147199,11402410,,0.018639491333507535,0.0,,,,,,,,,,,,,,,,,,,,,,,,,,,,,,,,,,,,,,,,1
2011-08-10 13:56:00,2011-08-10 13:57:00,CTU13,10813,5850.552972060754,327.68789265606216,16.075372237121982,173823,10577.131785813373,114370526,707.9850180338482,7655442,,0.020324445273168002,0.00019256691700365877,,,,,,,,,,,,,,,,,,,,,,,,,,,,,,,,,,,,,,,,1
2011-08-10 13:57:00,2011-08-10 13:58:00,CTU13,10035,6287.5447693699125,351.8097837220728,21.102441454907822,211763,14685.789935226707,147371902,1112.3884404583955,11162818,,0.020295940811837634,0.0006237006237006237,,,,,,,,,,,,,,,,,,,,,,,,,,,,,,,,,,,,,,,,1
2011-08-10 13:58:00,2011-08-10 13:59:00,CTU13,9693,5934.6063197413705,345.8748282663778,11.000825337872692,106631,5450.850098008872,52835090,813.227896420097,7882618,,0.021208359197186014,0.0,,,,,,,,,,,,,,,,,,,,,,,,,,,,,,,,,,,,,,,,1
2011-08-10 13:59:00,2011-08-10 14:00:00,CTU13,9545,5737.911721224921,352.32623006631746,11.589942378208486,110626,5426.280356207439,51793846,616.5593504452593,5885059,,0.02214293210200441,0.0010890873448050533,,,,,,,,,,,,,,,,,,,,,,,,,,,,,,,,,,,,,,,,1
2011-08-10 14:00:00,2011-08-10 14:01:00,CTU13,7337,8704.082032868388,496.13419339403026,12.29180864113398,90185,6291.24969333515,46158899,948.1232111217118,6956380,,0.027910794910384458,0.0,,,,,,,,,,,,,,,,,,,,,,,,,,,,,,,,,,,,,,,,1
2011-08-10 14:01:00,2011-08-10 14:02:00,CTU13,7344,9054.62650435745,516.4073449219771,82.17687908496733,603507,76871.2704248366,564542610,62163.165849673205,456526290,,0.02930703916735141,0.0007290755322251386,,,,,,,,,,,,,,,,,,,,,,,,,,,,,,,,,,,,,,,,1
2011-08-10 14:02:00,2011-08-10 14:03:00,CTU13,7243,9825.12700421941,551.9436852925584,14.685351373740163,106366,8617.745961618113,62418334,3193.052050255419,23127276,,0.028567466370822355,0.000297000297000297,,,,,,,,,,,,,,,,,,,,,,,,,,,,,,,,,,,,,,,,1
2011-08-10 14:03:00,2011-08-10 14:04:00,CTU13,7225,8421.95593600898,484.3443816290657,14.232525951557093,102830,11405.720830449827,82406333,644.6863667820069,4657859,,0.027376320177876598,0.0020609450905343736,,,,,,,,,,,,,,,,,,,,,,,,,,,,,,,,,,,,,,,,1
2011-08-10 14:04:00,2011-08-10 14:05:00,CTU13,6742,9190.966351209254,540.2539468181549,12.431919311776921,83816,6991.222485909226,47134822,678.3076238504894,4573150,,0.032406719191318566,0.0,,,,,,,,,,,,,,,,,,,,,,,,,,,,,,,,,,,,,,,,1
2011-08-10 14:05:00,2011-08-10 14:06:00,CTU13,7857,9293.727237454734,454.68531796359935,21.37380679648721,167934,15956.95150820924,125373768,922.0525645920835,7244567,,0.028089887640449437,0.0002735603884557516,,,,,,,,,,,,,,,,,,,,,,,,,,,,,,,,,,,,,,,,1
2011-08-10 14:06:00,2011-08-10 14:07:00,CTU13,7791,8494.603889323937,418.6741323845463,29.07277628032345,226506,16148.980747015787,125816709,2989.1744320369658,23288658,,0.02641118591403418,0.00041345093715545756,,,,,,,,,,,,,,,,,,,,,,,,,,,,,,,,,,,,,,,,1
2011-08-10 14:07:00,2011-08-10 14:08:00,CTU13,8224,8272.10382244143,456.3858587884242,15.450024319066149,127061,8716.59387159533,71685268,2564.862962062257,21093433,,0.024884118077579898,0.00025759917568263783,,,,,,,,,,,,,,,,,,,,,,,,,,,,,,,,,,,,,,,,1
2011-08-10 14:08:00,2011-08-10 14:09:00,CTU13,7084,9956.792138860996,514.6114168929982,13.640316205533598,96628,7805.32086391869,55292893,724.1905702992659,5130166,,0.02880658436213992,0.0004556500607533414,,,,,,,,,,,,,,,,,,,,,,,,,,,,,,,,,,,,,,,,1
2011-08-10 14:09:00,2011-08-10 14:10:00,CTU13,6615,8712.850412970327,499.695936117158,65.03673469387755,430218,54898.645200302344,363154538,2668.978835978836,17655295,,0.03031221582297666,0.0009577015163607343,,,,,,,,,,,,,,,,,,,,,,,,,,,,,,,,,,,,,,,,1
2011-08-10 14:10:00,2011-08-10 14:11:00,CTU13,6009,10044.87147917018,563.4197386718256,19.438342486270596,116805,12176.375270427692,73167839,5603.418538858379,33670942,,0.03355032548823235,0.000709849157054126,,,,,,,,,,,,,,,,,,,,,,,,,,,,,,,,,,,,,,,,1
2011-08-10 14:11:00,2011-08-10 14:12:00,CTU13,6967,9079.252563726926,508.4456298225922,11.074206975742788,77154,4731.756136070045,32966145,1349.24285919334,9400175,,0.028930999566035006,0.00030539013589861045,,,,,,,,,,,,,,,,,,,,,,,,,,,,,,,,,,,,,,,,1
2011-08-10 14:12:00,2011-08-10 14:13:00,CTU13,6832,9010.56049822064,503.5818031585187,10.881586651053864,74343,4940.135099531616,33751003,1087.885831381733,7432436,,0.03013376451565486,0.0,,,,,,,,,,,,,,,,,,,,,,,,,,,,,,,,,,,,,,,,1
2011-08-10 14:13:00,2011-08-10 14:14:00,CTU13,7519,7657.447765212709,436.432354705413,19.373985902380635,145673,15043.104801170368,113109105,830.7410559914882,6246342,,0.02867431315017338,0.0,,,,,,,,,,,,,,,,,,,,,,,,,,,,,,,,,,,,,,,,1
2011-08-10 14:14:00,2011-08-10 14:15:00,CTU13,6003,9350.926705981467,531.4982151967349,13.724137931034482,82386,8430.198900549725,50606484,683.0028319173747,4100066,,0.03538641295276248,0.0,,,,,,,,,,,,,,,,,,,,,,,,,,,,,,,,,,,,,,,,1
2011-08-10 14:15:00,2011-08-10 14:16:00,CTU13,7059,8476.734969149089,484.5315515155121,18.54922793596827,130939,12652.015157954385,89310575,975.4024649383765,6885366,,0.02997159090909091,0.0,,,,,,,,,,,,,,,,,,,,,,,,,,,,,,,,,,,,,,,,1
2011-08-10 14:16:00,2011-08-10 14:17:00,CTU13,7775,7659.055909504616,439.5073169279743,12.926816720257234,100506,7318.546366559485,56901698,1013.6110610932476,7880826,,0.027953927785686554,0.00040279269602577875,,,,,,,,,,,,,,,,,,,,,,,,,,,,,,,,,,,,,,,,1
2011-08-10 14:17:00,2011-08-10 14:18:00,CTU13,6859,8843.386508524833,504.96133592068816,9.437818924041405,64734,3520.3850415512466,24146321,698.035282111095,4787824,,0.03012933568489124,0.0007701786814540973,,,,,,,,,,,,,,,,,,,,,,,,,,,,,,,,,,,,,,,,1
2011-08-10 14:18:00,2011-08-10 14:19:00,CTU13,6653,9216.631747973695,506.35196161686457,27.29325116488802,181582,19763.738614159025,131488153,3728.085224710657,24802951,,0.03252155498411738,0.0,,,,,,,,,,,,,,,,,,,,,,,,,,,,,,,,,,,,,,,,1
2011-08-10 14:19:00,2011-08-10 14:20:00,CTU13,7256,8230.54902234637,447.9841059226847,67.643605292172,490822,74171.95769018742,538191725,2088.4671995589856,15153918,,0.02788129744651484,0.0,,,,,,,,,,,,,,,,,,,,,,,,,,,,,,,,,,,,,,,,1
2011-08-10 14:20:00,2011-08-10 14:21:00,CTU13,6730,10422.701791359326,534.6903561728084,30.766567607726596,207059,18861.31441307578,126936646,1534.1940564635959,10325126,,0.03126861226920786,0.0003209757663296421,,,,,,,,,,,,,,,,,,,,,,,,,,,,,,,,,,,,,,,,1
2011-08-10 14:21:00,2011-08-10 14:22:00,CTU13,7195,10248.533408673542,505.40873232675466,11.0679638637943,79634,5565.080889506602,40040757,741.7266157053509,5336723,,0.028471737613398464,0.0012119375852143615,,,,,,,,,,,,,,,,,,,,,,,,,,,,,,,,,,,,,,,,1
2011-08-10 14:22:00,2011-08-10 14:23:00,CTU13,7531,9359.683504875406,494.87044511034395,27.82472447218165,209548,24244.04501394237,182581903,1071.7307130527154,8071204,,0.02931334493374381,0.0002857959416976279,,,,,,,,,,,,,,,,,,,,,,,,,,,,,,,,,,,,,,,,1
2011-08-10 14:23:00,2011-08-10 14:24:00,CTU13,7258,9107.448362720403,533.1234939827776,76.4634885643428,554972,74239.77294020391,538832272,13466.269771286856,97738186,,0.028642590286425903,0.0004434589800443459,,,,,,,,,,,,,,,,,,,,,,,,,,,,,,,,,,,,,,,,1
2011-08-10 14:24:00,2011-08-10 14:25:00,CTU13,7426,8531.538608198283,483.64584343320763,30.235254511176947,224527,24078.19768381363,178804696,11712.81995690816,86979401,,0.02967359050445104,0.0012851635013565615,,,,,,,,,,,,,,,,,,,,,,,,,,,,,,,,,,,,,,,,1
2011-08-10 14:25:00,2011-08-10 14:26:00,CTU13,6910,8963.94193548387,497.6774221743849,11.992764109985528,82870,6351.506657018814,43888911,740.9241678726484,5119786,,0.030144927536231884,0.0009252120277563608,,,,,,,,,,,,,,,,,,,,,,,,,,,,,,,,,,,,,,,,1
2011-08-10 14:26:00,2011-08-10 14:27:00,CTU13,7419,8712.210339653526,491.6335366492789,9.290874780967785,68929,3916.3135193422295,29055130,713.0518937862246,5290132,,0.028641237953033798,0.0005690709916062028,,,,,,,,,,,,,,,,,,,,,,,,,,,,,,,,,,,,,,,,1
2011-08-10 14:27:00,2011-08-10 14:28:00,CTU13,7055,8261.64067698539,484.1492435251594,16.05896527285613,113296,9373.306024096386,66128674,1229.547271438696,8674456,,0.02983157293748216,0.0,,,,,,,,,,,,,,,,,,,,,,,,,,,,,,,,,,,,,,,,1
2011-08-10 14:28:00,2011-08-10 14:29:00,CTU13,7009,8719.992765156996,493.14061787059495,11.264231702097304,78951,5980.4024825224715,41916641,1829.3618205164787,12821997,,0.02880894367206536,0.0,,,,,,,,,,,,,,,,,,,,,,,,,,,,,,,,,,,,,,,,1
2011-08-10 14:29:00,2011-08-10 14:30:00,CTU13,7030,9177.616106220234,502.9236476721195,104.56856330014224,735117,117843.9573257468,828443020,2666.7495021337127,18747249,,0.02896276216293337,0.0001529285823520416,,,,,,,,,,,,,,,,,,,,,,,,,,,,,,,,,,,,,,,,1
2011-08-10 14:30:00,2011-08-10 14:31:00,CTU13,5868,10139.656136716727,572.3249371273006,8.988411724608044,52744,3745.5262440354463,21978748,679.2883435582822,3986064,,0.036183649086874894,0.0005446623093681918,,,,,,,,,,,,,,,,,,,,,,,,,,,,,,,,,,,,,,,,1
2011-08-10 14:31:00,2011-08-10 14:32:00,CTU13,6688,8592.529010755947,477.82117264548447,13.70275119617225,91644,8934.178528708135,59751786,642.0512858851674,4294039,,0.03125,0.0,,,,,,,,,,,,,,,,,,,,,,,,,,,,,,,,,,,,,,,,1
2011-08-10 14:32:00,2011-08-10 14:33:00,CTU13,6938,8400.75727871251,493.77511022110116,17.433410204669933,120953,9480.67555491496,65776927,2759.9102046699336,19148257,,0.0310640150965307,0.0010599636583888553,,,,,,,,,,,,,,,,,,,,,,,,,,,,,,,,,,,,,,,,1
2011-08-10 14:33:00,2011-08-10 14:34:00,CTU13,8032,7907.816290505611,444.30324649365036,22.249252988047807,178706,16315.996015936254,131050080,1281.027265936255,10289211,,0.026,0.00026295030239284776,,,,,,,,,,,,,,,,,,,,,,,,,,,,,,,,,,,,,,,,1
2011-08-10 14:34:00,2011-08-10 14:35:00,CTU13,6968,8740.043105950654,503.2868295252583,9.931113662456946,69200,4098.915757749713,28561245,728.0905568312285,5073335,,0.030050323508267432,0.0,,,,,,,,,,,,,,,,,,,,,,,,,,,,,,,,,,,,,,,,1
2011-08-10 14:35:00,2011-08-10 14:36:00,CTU13,6397,9537.482233502538,548.2836385887135,20.292480850398626,129811,15444.143817414413,98796188,1039.984836642176,6652783,,0.031147284395054,0.0013366750208855473,,,,,,,,,,,,,,,,,,,,,,,,,,,,,,,,,,,,,,,,1
2011-08-10 14:36:00,2011-08-10 14:37:00,CTU13,7342,9482.860330578513,470.0340869314901,107.07150640152547,786119,74753.5563879052,548840611,3461.0922092073006,25411339,,0.030830364483420115,0.0008701957940536621,,,,,,,,,,,,,,,,,,,,,,,,,,,,,,,,,,,,,,,,1
2011-08-10 14:37:00,2011-08-10 14:38:00,CTU13,7913,8711.479327170005,439.8253497922406,22.30481486162012,176498,16754.982433969417,132582176,10563.211550612916,83586693,,0.02795425667090216,0.0,,,,,,,,,,,,,,,,,,,,,,,,,,,,,,,,,,,,,,,,1
2011-08-10 14:38:00,2011-08-10 14:39:00,CTU13,7211,9722.394520159001,486.5815714656775,100.15060324504229,722186,112581.48592428234,811825095,1914.24601303564,13803628,,0.027859033291544783,0.0013632232656770676,,,,,,,,,,,,,,,,,,,,,,,,,,,,,,,,,,,,,,,,1
2011-08-10 14:39:00,2011-08-10 14:40:00,CTU13,6475,9375.868355222014,518.0118333115057,11.554131274131274,74813,6000.615598455598,38853986,1100.761698841699,7127432,,0.03255813953488372,0.0013121207151057896,,,,,,,,,,,,,,,,,,,,,,,,,,,,,,,,,,,,,,,,1
2011-08-10 14:40:00,2011-08-10 14:41:00,CTU13,7631,7703.376695929768,414.6104520729918,8.35958589961997,63792,3049.9834884025686,23274424,631.1328790459966,4816175,,0.02858641489640703,0.0,,,,,,,,,,,,,,,,,,,,,,,,,,,,,,,,,,,,,,,,1
2011-08-10 14:41:00,2011-08-10 14:42:00,CTU13,6684,9321.76499165022,530.2508809974565,13.567923399162177,90688,8545.55909634949,57118517,679.2565828845003,4540151,,0.031381381381381385,0.0,,,,,,,,,,,,,,,,,,,,,,,,,,,,,,,,,,,,,,,,1
2011-08-10 14:42:00,2011-08-10 14:43:00,CTU13,7328,8780.618665189699,461.3476477854803,24.560043668122272,179976,9302.066593886462,68165544,1200.940638646288,8800493,,0.028677277716794732,0.0010146398028699811,,,,,,,,,,,,,,,,,,,,,,,,,,,,,,,,,,,,,,,,1
2011-08-10 14:43:00,2011-08-10 14:44:00,CTU13,6495,9008.453524641298,488.6197746016936,14.564742109314858,94598,9731.169822940723,63203948,1091.13194765204,7086902,,0.033890436397400185,0.0004899559039686428,,,,,,,,,,,,,,,,,,,,,,,,,,,,,,,,,,,,,,,,1
2011-08-10 14:44:00,2011-08-10 14:45:00,CTU13,6534,9176.042879256966,481.98428150428526,38.866238138965414,253952,31490.423936333027,205758430,27002.934190388736,176437172,,0.031201967414694127,0.00048348106365834006,,,,,,,,,,,,,,,,,,,,,,,,,,,,,,,,,,,,,,,,1
2011-08-10 14:45:00,2011-08-10 14:46:00,CTU13,6398,9677.47350941009,541.5652143285402,19.540637699281024,125021,14122.99077836824,90358895,1791.450922163176,11461703,,0.03271759549154665,0.0008329168748958854,,,,,,,,,,,,,,,,,,,,,,,,,,,,,,,,,,,,,,,,1
2011-08-10 14:46:00,2011-08-10 14:47:00,CTU13,6991,9408.927494199535,508.36856048347875,43.05135173794879,300972,35499.24316978973,248175209,8347.920040051495,58360309,,0.030063291139240507,0.0007638252367858234,,,,,,,,,,,,,,,,,,,,,,,,,,,,,,,,,,,,,,,,1
2011-08-10 14:47:00,2011-08-10 14:48:00,CTU13,6263,9452.881859264042,558.7546235977966,39.66964713396136,248451,11135.384959284687,69740916,4960.865080632285,31069898,,0.03220121755847485,0.0006778512116590408,,,,,,,,,,,,,,,,,,,,,,,,,,,,,,,,,,,,,,,,1
2011-08-10 14:48:00,2011-08-10 14:49:00,CTU13,7131,8725.755087519567,507.95328416603564,105.65446641424765,753422,112480.12326461927,802095759,2352.3710559528818,16774758,,0.056018061238888105,0.0004447079750963534,,,,,,,,,,,,,,,,,,,,,,,,,,,,,,,,,,,,,,,,1
2011-08-10 14:49:00,2011-08-10 14:50:00,CTU13,6956,8946.867239871757,544.7096339782921,34.418200115008624,239413,29296.980736055204,203789798,1703.3711903392755,11848650,,0.03135838150289017,0.0,,,,,,,,,,,,,,,,,,,,,,,,,,,,,,,,,,,,,,,,1
2011-08-10 14:50:00,2011-08-10 14:51:00,CTU13,7169,9698.45671178793,518.8614337266006,14.637327381782676,104935,5420.548193611382,38859910,1064.564234900265,7631861,,0.030180243118625123,0.0004487658937920718,,,,,,,,,,,,,,,,,,,,,,,,,,,,,,,,,,,,,,,,1
2011-08-10 14:51:00,2011-08-10 14:52:00,CTU13,7487,10215.284708113233,527.2046480909577,17.161880593027917,128491,8096.511686924002,60618583,2730.799786296247,20445498,,0.02865943484665863,0.0004336513443191674,,,,,,,,,,,,,,,,,,,,,,,,,,,,,,,,,,,,,,,,1
2011-08-10 14:52:00,2011-08-10 14:53:00,CTU13,7082,9250.307052752294,506.5069334298221,14.577802880542219,103240,6042.454391414854,42792662,966.3167184411184,6843455,,0.029228149829738932,0.0004544077552256892,,,,,,,,,,,,,,,,,,,,,,,,,,,,,,,,,,,,,,,,1
2011-08-10 14:53:00,2011-08-10 14:54:00,CTU13,7775,8458.940984887962,487.31191250032157,36.88398713826366,286773,29733.55845659164,231178417,17050.522186495178,132567810,,0.02574718592314659,0.0004082188052796299,,,,,,,,,,,,,,,,,,,,,,,,,,,,,,,,,,,,,,,,1
2011-08-10 14:54:00,2011-08-10 14:55:00,CTU13,7591,7935.206164931946,437.8903126765907,14.738506125675142,111880,7724.111184297194,58633728,1831.9142405480175,13906061,,0.028355638001855043,0.00027666343892654584,,,,,,,,,,,,,,,,,,,,,,,,,,,,,,,,,,,,,,,,1
2011-08-10 14:55:00,2011-08-10 14:56:00,CTU13,7410,9009.849120894098,470.469619771525,17.48421052631579,129558,12690.010931174089,94032981,954.4812415654521,7072706,,0.027450980392156862,0.0007095217823187171,,,,,,,,,,,,,,,,,,,,,,,,,,,,,,,,,,,,,,,,1
2011-08-10 14:56:00,2011-08-10 14:57:00,CTU13,7478,8916.275003383407,501.40963942845684,10.802754747258625,80783,6036.512971382723,45141044,658.0513506285102,4920908,,0.026188557614826753,0.000991501416430595,,,,,,,,,,,,,,,,,,,,,,,,,,,,,,,,,,,,,,,,1
2011-08-10 14:57:00,2011-08-10 14:58:00,CTU13,7007,9639.011296162202,485.70573752889965,15.387755102040817,107822,9617.402740117026,67389141,894.5347509633224,6268005,,0.03083321382475262,0.000911854103343465,,,,,,,,,,,,,,,,,,,,,,,,,,,,,,,,,,,,,,,,1
2011-08-10 14:58:00,2011-08-10 14:59:00,CTU13,7206,9431.176187782805,475.10034488037746,10.37676935886761,74775,4706.30710519012,33913649,673.9218706633361,4856281,,0.02862728669180282,0.00044822949350067237,,,,,,,,,,,,,,,,,,,,,,,,,,,,,,,,,,,,,,,,1
2011-08-10 14:59:00,2011-08-10 15:00:00,CTU13,7797,8047.29235966736,432.09104109221494,11.291137617032192,88037,4183.401949467744,32617985,743.1694241374888,5794492,,0.027548918640576726,0.0008119079837618403,,,,,,,,,,,,,,,,,,,,,,,,,,,,,,,,,,,,,,,,1
2011-08-10 15:00:00,2011-08-10 15:01:00,CTU13,9210,10532.170871433293,372.53844430673183,10.129967426710097,93297,4820.536699239957,44397143,585.6773072747014,5394088,,0.024687330070690593,0.0007237984944991314,,,,,,,,,,,,,,,,,,,,,,,,,,,,,,,,,,,,,,,,1
2011-08-10 15:01:00,2011-08-10 15:02:00,CTU13,7411,8424.779642516032,417.1931106594252,15.164350290109297,112383,8862.510592362703,65680066,1250.3137228444205,9266075,,0.02733423545331529,0.0011397634990739421,,,,,,,,,,,,,,,,,,,,,,,,,,,,,,,,,,,,,,,,1
2011-08-10 15:02:00,2011-08-10 15:03:00,CTU13,7512,9264.095925526173,417.8078139494143,59.337326943556974,445742,16910.265974440896,127029918,4924.263312034079,36991066,,0.02810492505353319,0.0005635390250774866,,,,,,,,,,,,,,,,,,,,,,,,,,,,,,,,,,,,,,,,1
2011-08-10 15:03:00,2011-08-10 15:04:00,CTU13,7431,10419.187542967138,364.7341388251918,33.85291347059615,251561,27113.58107926255,201481021,1942.7557529269277,14436618,,0.028838342810722988,0.0007448234768359899,,,,,,,,,,,,,,,,,,,,,,,,,,,,,,,,,,,,,,,,1
2011-08-10 15:04:00,2011-08-10 15:05:00,CTU13,8241,9946.94957774466,304.64738703616064,78.73728916393641,648874,71887.27423856329,592423027,16032.034097803664,132119993,,0.024604141291108404,0.0,,,,,,,,,,,,,,,,,,,,,,,,,,,,,,,,,,,,,,,,1
2011-08-10 15:05:00,2011-08-10 15:06:00,CTU13,7825,9947.653315994798,326.26796417929717,11.441661341853035,89531,6406.542875399361,50131198,911.8762939297125,7135432,,0.025355359200922013,0.0008348406845693614,,,,,,,,,,,,,,,,,,,,,,,,,,,,,,,,,,,,,,,,1
2011-08-10 15:06:00,2011-08-10 15:07:00,CTU13,7791,8637.360182173064,309.88575480028237,22.93145937620331,178659,17224.36644846618,134195039,12309.780644333205,95905501,,0.026804123711340205,0.0013674278681799535,,,,,,,,,,,,,,,,,,,,,,,,,,,,,,,,,,,,,,,,1
2011-08-10 15:07:00,2011-08-10 15:08:00,CTU13,6803,9805.492734082398,350.4546811905042,43.49786858738792,295916,38385.31941790387,261135328,2709.8587387917096,18435169,,0.03190546528803545,0.0004727387330601954,,,,,,,,,,,,,,,,,,,,,,,,,,,,,,,,,,,,,,,,1
2011-08-10 15:08:00,2011-08-10 15:09:00,CTU13,7515,9097.687000135556,319.49154966640054,37.604258150365936,282596,31934.075449101798,239984577,1455.1230871590153,10935250,,0.029049531459170014,0.0005695571693008686,,,,,,,,,,,,,,,,,,,,,,,,,,,,,,,,,,,,,,,,1
2011-08-10 15:09:00,2011-08-10 15:10:00,CTU13,7106,9464.532638194543,319.8106702506332,26.714185195609343,189831,17615.269631297495,125174106,3068.311145510836,21803419,,0.029257950530035336,0.00075007500750075,,,,,,,,,,,,,,,,,,,,,,,,,,,,,,,,,,,,,,,,1
2011-08-10 15:10:00,2011-08-10 15:11:00,CTU13,7733,9406.288,294.4903173587224,10.641019009440063,82287,6085.550368550368,47059561,563.5485581275055,4357921,,0.027594247959580258,0.0,,,,,,,,,,,,,,,,,,,,,,,,,,,,,,,,,,,,,,,,1
2011-08-10 15:11:00,2011-08-10 15:12:00,CTU13,7860,9746.315809968848,296.26555494631043,46.97328244274809,369210,39998.12124681934,314385233,22209.23167938931,174564561,,0.027013251783893986,0.0009710084616451658,,,,,,,,,,,,,,,,,,,,,,,,,,,,,,,,,,,,,,,,1
2011-08-10 15:12:00,2011-08-10 15:13:00,CTU13,7275,9469.205422023477,289.0397255780068,24.130584192439862,175550,18772.292920962198,136568431,3957.9935395189004,28794403,,0.028717382300151872,0.0008805400645729381,,,,,,,,,,,,,,,,,,,,,,,,,,,,,,,,,,,,,,,,1
2011-08-10 15:13:00,2011-08-10 15:14:00,CTU13,7171,9124.388628287135,237.24645712146145,10.0818574815228,72297,5245.488495328406,37615398,1512.2405522242366,10844277,,0.0299704516673702,0.0004431314623338257,,,,,,,,,,,,,,,,,,,,,,,,,,,,,,,,,,,,,,,,1
2011-08-10 15:14:00,2011-08-10 15:15:00,CTU13,6772,10091.289552686882,237.20718556334907,13.076491435321914,88554,7545.537212049616,51098378,685.333136444182,4641076,,0.03084223013048636,0.0007910140800506249,,,,,,,,,,,,,,,,,,,,,,,,,,,,,,,,,,,,,,,,1
2011-08-10 15:15:00,2011-08-10 15:16:00,CTU13,7646,9315.429063908778,212.23198126536752,9.97671985351818,76282,3743.9417996337957,28626179,845.1004446769552,6461638,,0.026867627785058978,0.0012606807676145118,,,,,,,,,,,,,,,,,,,,,,,,,,,,,,,,,,,,,,,,1
2011-08-10 15:16:00,2011-08-10 15:17:00,CTU13,7597,10074.169518716577,242.5423884915098,27.67250230354087,210228,20808.489140450176,158082092,1439.1761221534816,10933421,,0.02883979362349517,0.0007067137809187279,,,,,,,,,,,,,,,,,,,,,,,,,,,,,,,,,,,,,,,,1
2011-08-10 15:17:00,2011-08-10 15:18:00,CTU13,7521,9812.285287325092,209.20300832336127,17.594867703762798,132331,12638.893764127111,95057120,3778.499933519479,28418098,,0.02868961836135575,0.0005747126436781609,,,,,,,,,,,,,,,,,,,,,,,,,,,,,,,,,,,,,,,,1
2011-08-10 15:18:00,2011-08-10 15:19:00,CTU13,8093,8771.624635660879,171.4416176784876,14.300012356357346,115730,8501.193129865316,68800156,972.2231558136662,7868202,,0.025908020329738442,0.0006636580833554553,,,,,,,,,,,,,,,,,,,,,,,,,,,,,,,,,,,,,,,,1
2011-08-10 15:19:00,2011-08-10 15:20:00,CTU13,7692,9296.702928315886,169.15973996762872,41.64170566822673,320308,37194.641315652625,286101181,1521.383125325013,11702479,,0.027817683165730703,0.0,,,,,,,,,,,,,,,,,,,,,,,,,,,,,,,,,,,,,,,,1
2011-08-10 15:20:00,2011-08-10 15:21:00,CTU13,7742,10061.48705820523,164.69076216610696,11.973650219581504,92700,6977.402350813743,54019049,806.9894084215965,6247712,,0.02954516003628353,0.0012702893436838392,,,,,,,,,,,,,,,,,,,,,,,,,,,,,,,,,,,,,,,,1
2011-08-10 15:21:00,2011-08-10 15:22:00,CTU13,8203,9114.569944341372,134.37032429830552,8.808606607338778,72257,4142.525417530172,33981136,784.1398268926002,6432299,,0.025759980466365524,0.0021055402026582447,,,,,,,,,,,,,,,,,,,,,,,,,,,,,,,,,,,,,,,,1
2011-08-10 15:22:00,2011-08-10 15:23:00,CTU13,7524,9454.262206636095,153.1541476621478,17.360446570972886,130620,11694.549308878257,87989789,739.4662413609782,5563744,,0.02984279243272049,0.00071285999429712,,,,,,,,,,,,,,,,,,,,,,,,,,,,,,,,,,,,,,,,1
2011-08-10 15:23:00,2011-08-10 15:24:00,CTU13,7015,10002.929132712456,154.1483547707769,16.980612972202422,119119,12033.51960085531,84415140,1875.5479686386316,13156969,,0.029070600028640984,0.0007676953784738216,,,,,,,,,,,,,,,,,,,,,,,,,,,,,,,,,,,,,,,,1
2011-08-10 15:24:00,2011-08-10 15:25:00,CTU13,7488,8270.804736129905,125.95262599278846,21.92721688034188,164191,18474.354033119656,138335963,5857.509748931624,43861033,,0.02898939739632264,0.00028252578047746857,,,,,,,,,,,,,,,,,,,,,,,,,,,,,,,,,,,,,,,,1
2011-08-10 15:25:00,2011-08-10 15:26:00,CTU13,7533,9154.967654986523,118.46944298234436,8.368113633346608,63037,3312.3164741802734,24951680,588.0880127439267,4430067,,0.028784648187633263,0.0012842465753424657,,,,,,,,,,,,,,,,,,,,,,,,,,,,,,,,,,,,,,,,1
2011-08-10 15:26:00,2011-08-10 15:27:00,CTU13,7904,8685.02934016656,104.61267699860831,7.3708248987854255,58259,2856.7215334008097,22579527,853.0266953441295,6742323,,0.027721261444557478,0.001081665765278529,,,,,,,,,,,,,,,,,,,,,,,,,,,,,,,,,,,,,,,,1
2011-08-10 15:27:00,2011-08-10 15:28:00,CTU13,8049,7846.98370518927,98.3256708096658,14.844080009939123,119480,8892.281152938252,71573971,737.661075910051,5937434,,0.02575908412145346,0.0005215123859191656,,,,,,,,,,,,,,,,,,,,,,,,,,,,,,,,,,,,,,,,1
2011-08-10 15:28:00,2011-08-10 15:29:00,CTU13,7159,9595.449539985846,124.24548419611678,6.957815337337617,49811,2474.880988964939,17717673,495.9699678726079,3550649,,0.02876789222565254,0.0013460963206700569,,,,,,,,,,,,,,,,,,,,,,,,,,,,,,,,,,,,,,,,1
2011-08-10 15:29:00,2011-08-10 15:30:00,CTU13,8935,7592.330573826264,98.47228191751539,73.95221040850588,660763,69996.47879127029,625418538,2619.701846670397,23407036,,0.024735776928266246,0.0007088846880907373,,,,,,,,,,,,,,,,,,,,,,,,,,,,,,,,,,,,,,,,1
2011-08-10 15:30:00,2011-08-10 15:31:00,CTU13,7965,9143.337326366764,95.29475283226617,9.19472693032015,73236,5311.582423101067,42306754,591.5124921531701,4711397,,0.025944584382871536,0.0009433962264150943,,,,,,,,,,,,,,,,,,,,,,,,,,,,,,,,,,,,,,,,1
2011-08-10 15:31:00,2011-08-10 15:32:00,CTU13,7929,8275.69466428389,80.11838905498803,20.477235464749654,162364,17100.85458443688,135592676,738.828477739942,5858171,,0.026804905803514984,0.0009435233859010648,,,,,,,,,,,,,,,,,,,,,,,,,,,,,,,,,,,,,,,,1
2011-08-10 15:32:00,2011-08-10 15:33:00,CTU13,7349,9573.484101858225,91.93388048455573,13.811947203701184,101504,9275.870866784597,68168375,587.7475847054021,4319357,,0.029015120555782592,0.0008750182295464489,,,,,,,,,,,,,,,,,,,,,,,,,,,,,,,,,,,,,,,,1
2011-08-10 15:33:00,2011-08-10 15:34:00,CTU13,7493,9645.473217936486,76.81320373802215,16.32550380354998,122327,5548.815961564126,41577278,1165.8700120112105,8735864,,0.02708137820083121,0.0005746300818847866,,,,,,,,,,,,,,,,,,,,,,,,,,,,,,,,,,,,,,,,1
2011-08-10 15:34:00,2011-08-10 15:35:00,CTU13,8422,8684.627122726726,55.9906578062218,16.37805746853479,137936,11571.47601519829,97454971,2377.3752077891236,20022254,,0.02685284640171858,0.0,,,,,,,,,,,,,,,,,,,,,,,,,,,,,,,,,,,,,,,,1
2011-08-10 15:35:00,2011-08-10 15:36:00,CTU13,7529,9220.686319481922,56.976895536459025,22.114224996679507,166498,18012.526099083545,135616309,4316.490503386904,32498857,,0.028262898280229303,0.00042668183757644715,,,,,,,,,,,,,,,,,,,,,,,,,,,,,,,,,,,,,,,,1
2011-08-10 15:36:00,2011-08-10 15:37:00,CTU13,7552,9936.182026407976,57.723022806144066,62.59851694915254,472744,51457.980137711864,388610666,6658.416445974576,50284361,,0.028875582168995342,0.0018753606462781304,,,,,,,,,,,,,,,,,,,,,,,,,,,,,,,,,,,,,,,,1
2011-08-10 15:37:00,2011-08-10 15:38:00,CTU13,7444,9497.079618268575,53.451669198952175,9.553331542181622,71115,5625.116469639978,41873367,706.5303600214938,5259412,,0.028686868686868688,0.0,,,,,,,,,,,,,,,,,,,,,,,,,,,,,,,,,,,,,,,,1
2011-08-10 15:38:00,2011-08-10 15:39:00,CTU13,7836,8825.156526261051,52.80815553279734,9.159520163348647,71774,4655.906584992343,36483684,1465.0744002041858,11480323,,0.026514666325092865,0.0016411378555798686,,,,,,,,,,,,,,,,,,,,,,,,,,,,,,,,,,,,,,,,1
2011-08-10 15:39:00,2011-08-10 15:40:00,CTU13,7572,9249.173247381144,46.16333282514527,23.816164817749605,180336,19256.647120972004,145811332,938.1459323824618,7103641,,0.02894701898818218,0.0007032348804500703,,,,,,,,,,,,,,,,,,,,,,,,,,,,,,,,,,,,,,,,1
2011-08-10 15:40:00,2011-08-10 15:41:00,CTU13,6961,9428.766710353866,49.08435399569027,12.062203706364029,83965,8182.971843125988,56961667,663.3875879902313,4617841,,0.03084462381089651,0.000764642911760208,,,,,,,,,,,,,,,,,,,,,,,,,,,,,,,,,,,,,,,,1
2011-08-10 15:41:00,2011-08-10 15:42:00,CTU13,7046,8436.926703075596,37.95154827661085,9.011779733181948,63497,4795.159806982685,33786696,1773.3325290945218,12494901,,0.02890502634201908,0.0007515406583496167,,,,,,,,,,,,,,,,,,,,,,,,,,,,,,,,,,,,,,,,1
2011-08-10 15:42:00,2011-08-10 15:43:00,CTU13,7356,8952.646385209713,39.360432007612836,14.18121261555193,104317,9227.218733007068,67875421,3041.0417346383906,22369903,,0.029019073569482287,0.0010213014298220018,,,,,,,,,,,,,,,,,,,,,,,,,,,,,,,,,,,,,,,,1
2011-08-10 15:43:00,2011-08-10 15:44:00,CTU13,8517,8109.614899440676,29.60935218645063,11.336033814723494,96549,7236.999295526594,61637523,695.1535752025361,5920623,,0.024022609514837492,0.0008793969849246232,,,,,,,,,,,,,,,,,,,,,,,,,,,,,,,,,,,,,,,,1
2011-08-10 15:44:00,2011-08-10 15:45:00,CTU13,8784,7320.043222003929,19.33460924692623,10.557718579234972,92739,6576.619421675774,57769025,641.0127504553734,5630656,,0.02346880366342301,0.0013299480111232016,,,,,,,,,,,,,,,,,,,,,,,,,,,,,,,,,,,,,,,,1
2011-08-10 15:45:00,2011-08-10 15:46:00,CTU13,8261,7959.954807103491,18.508717020578622,8.406004115724489,69442,4514.054109671953,37290601,1340.260985352863,11071896,,0.026961379645372846,0.0003850596842510589,,,,,,,,,,,,,,,,,,,,,,,,,,,,,,,,,,,,,,,,1
2011-08-10 15:46:00,2011-08-10 15:47:00,CTU13,7714,8141.189426734882,15.586777446201712,11.61524500907441,89600,6661.6690432979,51388115,920.7989369976666,7103043,,0.028273615635179154,0.001093344266776001,,,,,,,,,,,,,,,,,,,,,,,,,,,,,,,,,,,,,,,,1
2011-08-10 15:47:00,2011-08-10 15:48:00,CTU13,8566,9003.78804347826,15.779505422134019,8.461008638804577,72477,3960.640789166472,33926849,1154.6801307494748,9890990,,0.04792518994739918,0.0006218132073125233,,,,,,,,,,,,,,,,,,,,,,,,,,,,,,,,,,,,,,,,1
2011-08-10 15:48:00,2011-08-10 15:49:00,CTU13,7942,8605.57237936772,15.25356290430622,27.26189876605389,216514,21045.51322085117,167143466,5508.821959204231,43751064,,0.02577710386656558,0.0008023535704733886,,,,,,,,,,,,,,,,,,,,,,,,,,,,,,,,,,,,,,,,0
2011-08-10 15:49:00,2011-08-10 15:50:00,CTU13,7923,9518.474704673858,14.251108235643065,9.528209011737978,75492,5206.014893348479,41247256,598.8217846775211,4744465,,0.04949993670084821,0.00040961223375204805,,,,,,,,,,,,,,,,,,,,,,,,,,,,,,,,,,,,,,,,0
2011-08-10 15:50:00,2011-08-10 15:51:00,CTU13,7985,10979.119437340154,12.71024131521603,13.010519724483407,103889,8917.933625547903,71209700,1529.6988102692549,12214645,,0.025921731470995343,0.0013869625520110957,,,,,,,,,,,,,,,,,,,,,,,,,,,,,,,,,,,,,,,,0
2011-08-10 15:51:00,2011-08-10 15:52:00,CTU13,7479,9251.28446866485,7.981853553282524,18.74822837277711,140218,13311.64152961626,99557767,2947.173552613986,22041911,,0.02928139691067831,0.0010056026432983766,,,,,,,,,,,,,,,,,,,,,,,,,,,,,,,,,,,,,,,,0
2011-08-10 15:52:00,2011-08-10 15:53:00,CTU13,6880,9425.410811607011,3.8329511593023256,5.966860465116279,41052,2967.224418604651,20414504,829.4145348837209,5706372,,0.032657821839918354,0.0004624633883150917,,,,,,,,,,,,,,,,,,,,,,,,,,,,,,,,,,,,,,,,0
2011-08-10 15:53:00,2011-08-10 15:54:00,CTU13,6572,9781.591653786709,1.5821870337796713,5.222002434570907,34319,2347.2111990261715,15425872,307.20496043822277,2018951,,0.03262692483610306,0.00032631750693424703,,,,,,,,,,,,,,,,,,,,,,,,,,,,,,,,,,,,,,,,0
